station_id,city,province
STN_一二九公里,天津市,天津市
STN_一四一所,重庆市,重庆市
STN_一步滩,宜宾市,四川省
STN_一间堡,长春市,吉林省
STN_一面坡,哈尔滨市,黑龙江省
STN_一面坡北,哈尔滨市,黑龙江省
STN_一面山,丹东市,辽宁省
STN_丁家园,长春市,吉林省
STN_七台河,七台河市,黑龙江省
STN_七台河西,七台河市,黑龙江省
STN_七宝,上海市,上海市
STN_七泉湖,吐鲁番市,新疆维吾尔自治区
STN_七甸,昆明市,云南省
STN_七苏木,乌兰察布市,内蒙古自治区
STN_七营,中卫市,宁夏回族自治区
STN_七道桥,唐山市,河北省
STN_七里河,锦州市,辽宁省
STN_七间房所,北京市,北京市
STN_七龙星,重庆市,重庆市
STN_万乐,哈尔滨市,黑龙江省
STN_万发屯,哈尔滨市,黑龙江省
STN_万宁,万宁市,海南省
STN_万安县,吉安市,江西省
STN_万宝镇所,娄底市,湖南省
STN_万家屯,葫芦岛市,辽宁省
STN_万州,重庆市,重庆市
STN_万州北,重庆市,重庆市
STN_万年,上饶市,江西省
STN_万庄,廊坊市,河北省
STN_万水泉,包头市,内蒙古自治区
STN_万水泉南,包头市,内蒙古自治区
STN_万源,达州市,四川省
STN_万荣,,
STN_万象,,
STN_三义井,赤峰市,内蒙古自治区
STN_三义村,西安市,陕西省
STN_三井子,松原市,吉林省
STN_三亚,三亚市,海南省
STN_三元区,三明市,福建省
STN_三元坝,遵义市,贵州省
STN_三元西,三明市,福建省
STN_三关口,固原市,宁夏回族自治区
STN_三十家,朝阳市,辽宁省
STN_三十里堡,大连市,辽宁省
STN_三十里铺,合肥市,安徽省
STN_三原,咸阳市,陕西省
STN_三台,沈阳市,辽宁省
STN_三合庄,北京市,北京市
STN_三堂集,阜阳市,安徽省
STN_三堆子,攀枝花市,四川省
STN_三家子,通辽市,内蒙古自治区
STN_三家寨,六盘水市,贵州省
STN_三家店,北京市,北京市
STN_三岔湖,成都市,四川省
STN_三岔镇,忻州市,山西省
STN_三平,廊坊市,河北省
STN_三把火,赤峰市,内蒙古自治区
STN_三明,三明市,福建省
STN_三明北,三明市,福建省
STN_三星堆,德阳市,四川省
STN_三桥,西安市,陕西省
STN_三水,佛山市,广东省
STN_三水北,佛山市,广东省
STN_三水南,佛山市,广东省
STN_三汇坝,重庆市,重庆市
STN_三汇镇,达州市,四川省
STN_三江,重庆市,重庆市
STN_三江南,柳州市,广西壮族自治区
STN_三江县,柳州市,广西壮族自治区
STN_三江口,铁岭市,辽宁省
STN_三江镇,南昌市,江西省
STN_三河县,廊坊市,河北省
STN_三源浦,通化市,吉林省
STN_三灶东,珠海市,广东省
STN_三眼桥,佛山市,广东省
STN_三穗,黔东南苗族侗族自治州,贵州省
STN_三花石,汉中市,陕西省
STN_三营,固原市,宁夏回族自治区
STN_三道堰,成都市,四川省
STN_三道湖,白山市,吉林省
STN_三道营,乌兰察布市,内蒙古自治区
STN_三都县,黔南布依族苗族自治州,贵州省
STN_三门县,台州市,浙江省
STN_三门峡,三门峡市,河南省
STN_三门峡南,三门峡市,河南省
STN_三门峡西,三门峡市,河南省
STN_三间房,齐齐哈尔市,黑龙江省
STN_三队,白山市,吉林省
STN_三阳,黄山市,安徽省
STN_三阳川,天水市,甘肃省
STN_上万,北京市,北京市
STN_上仓,天津市,天津市
STN_上关,大理白族自治州,云南省
STN_上园,朝阳市,辽宁省
STN_上安,石家庄市,河北省
STN_上店,赤峰市,内蒙古自治区
STN_上普雄,凉山彝族自治州,四川省
STN_上杭,龙岩市,福建省
STN_上板城,承德市,河北省
STN_上板城南,承德市,河北省
STN_上格达,攀枝花市,四川省
STN_上海,上海市,上海市
STN_上海南,上海市,上海市
STN_上海松江,上海市,上海市
STN_上海虹桥,上海市,上海市
STN_上海西,上海市,上海市
STN_上腰墩,武威市,甘肃省
STN_上虞,绍兴市,浙江省
STN_上虞南,绍兴市,浙江省
STN_上街,郑州市,河南省
STN_上西铺,六盘水市,贵州省
STN_上谷,承德市,河北省
STN_上郭关所,贵阳市,贵州省
STN_上饶,上饶市,江西省
STN_上高镇,泰安市,山东省
STN_下仓,天津市,天津市
STN_下初,威海市,山东省
STN_下台子,承德市,河北省
STN_下坑子,赤峰市,内蒙古自治区
STN_下城子,牡丹江市,黑龙江省
STN_下塘,百色市,广西壮族自治区
STN_下夹河所,鞍山市,辽宁省
STN_下小岔,定西市,甘肃省
STN_下普雄,凉山彝族自治州,四川省
STN_下板城,承德市,河北省
STN_下社,忻州市,山西省
STN_下花园,张家口市,河北省
STN_下花园北,张家口市,河北省
STN_下辛店,孝感市,湖北省
STN_下马塘,本溪市,辽宁省
STN_不冻泉,玉树藏族自治州,青海省
STN_且末,巴音郭楞蒙古自治州,新疆维吾尔自治区
STN_丙谷,攀枝花市,四川省
STN_东丰,辽源市,吉林省
STN_东丰北,辽源市,吉林省
STN_东乡,抚州市,江西省
STN_东二道河,佳木斯市,黑龙江省
STN_东京城,牡丹江市,黑龙江省
STN_东佳木斯,佳木斯市,黑龙江省
STN_东元庆,晋城市,山西省
STN_东光,沧州市,河北省
STN_东兴,包头市,内蒙古自治区
STN_东兴市,防城港市,广西壮族自治区
STN_东升,中山市,广东省
STN_东升坝,重庆市,重庆市
STN_东华所,成都市,四川省
STN_东南营子,赤峰市,内蒙古自治区
STN_东口,宝鸡市,陕西省
STN_东台,盐城市,江苏省
STN_东土城,巴彦淖尔市,内蒙古自治区
STN_东坡,晋城市,山西省
STN_东城南,东莞市,广东省
STN_东大坝,承德市,河北省
STN_东孝所,金华市,浙江省
STN_东安,永州市,湖南省
STN_东安东,永州市,湖南省
STN_东富,吉林市,吉林省
STN_东山,海西蒙古族藏族自治州,青海省
STN_东岔,天水市,甘肃省
STN_东庄,忻州市,山西省
STN_东戌,邯郸市,河北省
STN_东戴河,秦皇岛市,河北省
STN_东方,东方市,海南省
STN_东方红,鸡西市,黑龙江省
STN_东明县,菏泽市,山东省
STN_东明村,通辽市,内蒙古自治区
STN_东村所,南昌市,江西省
STN_东来,通辽市,内蒙古自治区
STN_东沟门,朝阳市,辽宁省
STN_东津,绥化市,黑龙江省
STN_东津所,襄阳市,湖北省
STN_东海,鸡西市,黑龙江省
STN_东海县,连云港市,江苏省
STN_东淤地,忻州市,山西省
STN_东港北,丹东市,辽宁省
STN_东湖,沈阳市,辽宁省
STN_东湾,白银市,甘肃省
STN_东环,广州市,广东省
STN_东田良,长治市,山西省
STN_东胜,鄂尔多斯市,内蒙古自治区
STN_东胜东,鄂尔多斯市,内蒙古自治区
STN_东胜西,鄂尔多斯市,内蒙古自治区
STN_东至,池州市,安徽省
STN_东花园,张家口市,河北省
STN_东花园北,张家口市,河北省
STN_东莞,东莞市,广东省
STN_东莞东,东莞市,广东省
STN_东莞南,东莞市,广东省
STN_东莞港,东莞市,广东省
STN_东莞西,东莞市,广东省
STN_东营,东营市,山东省
STN_东营南,东营市,山东省
STN_东营子,朝阳市,辽宁省
STN_东辛庄,葫芦岛市,辽宁省
STN_东边井,绥化市,黑龙江省
STN_东通化,通化市,吉林省
STN_东镇,运城市,山西省
STN_东门,哈尔滨市,黑龙江省
STN_东阳关,长治市,山西省
STN_东阳北,金华市,浙江省
STN_东阳所,重庆市,重庆市
STN_东风,淄博市,山东省
STN_东风南,阿拉善盟,内蒙古自治区
STN_两家,白城市,吉林省
STN_两当,陇南市,甘肃省
STN_两所屯,安顺市,贵州省
STN_个旧,红河哈尼族彝族自治州,云南省
STN_丫口寨,临沧市,云南省
STN_中仓,北京市,北京市
STN_中仙,三明市,福建省
STN_中兴,丹东市,辽宁省
STN_中华寺,抚顺市,辽宁省
STN_中华门,南京市,江苏省
STN_中卫,中卫市,宁夏回族自治区
STN_中卫南,中卫市,宁夏回族自治区
STN_中原,郑州市,河南省
STN_中台子,赤峰市,内蒙古自治区
STN_中和,齐齐哈尔市,黑龙江省
STN_中嘴,重庆市,重庆市
STN_中堂,东莞市,广东省
STN_中宁,中卫市,宁夏回族自治区
STN_中宁东,中卫市,宁夏回族自治区
STN_中宁南,中卫市,宁夏回族自治区
STN_中寨,曲靖市,云南省
STN_中小所,鞍山市,辽宁省
STN_中山,中山市,广东省
STN_中山北,中山市,广东省
STN_中川机场,兰州市,甘肃省
STN_中川机场东,兰州市,甘肃省
STN_中德,长春市,吉林省
STN_中梁山,重庆市,重庆市
STN_中滩,昆明市,云南省
STN_中牟,郑州市,河南省
STN_中谊村,昆明市,云南省
STN_丰乐镇,双鸭山市,黑龙江省
STN_丰南,唐山市,河北省
STN_丰城,宜春市,江西省
STN_丰城东,宜春市,江西省
STN_丰城南,宜春市,江西省
STN_丰宁,承德市,河北省
STN_丰广,吉林市,吉林省
STN_丰库,通辽市,内蒙古自治区
STN_丰水村,兰州市,甘肃省
STN_丰润西,唐山市,河北省
STN_丰都,重庆市,重庆市
STN_丰镇,乌兰察布市,内蒙古自治区
STN_丰镇北,乌兰察布市,内蒙古自治区
STN_丰顺,梅州市,广东省
STN_丰顺东,梅州市,广东省
STN_串子沟,葫芦岛市,辽宁省
STN_临县,吕梁市,山西省
STN_临城,邢台市,河北省
STN_临川,抚州市,江西省
STN_临巴溪,达州市,四川省
STN_临平南,杭州市,浙江省
STN_临汝镇,平顶山市,河南省
STN_临江,白山市,吉林省
STN_临江场,重庆市,重庆市
STN_临江寺,资阳市,四川省
STN_临江溪,昭通市,云南省
STN_临汾,临汾市,山西省
STN_临汾西,临汾市,山西省
STN_临沂,临沂市,山东省
STN_临沂东,临沂市,山东省
STN_临沂北,临沂市,山东省
STN_临沂南,临沂市,山东省
STN_临沧,临沧市,云南省
STN_临河,巴彦淖尔市,内蒙古自治区
STN_临泉,阜阳市,安徽省
STN_临泽,张掖市,甘肃省
STN_临泽南,张掖市,甘肃省
STN_临海,台州市,浙江省
STN_临海东,台州市,浙江省
STN_临海南,台州市,浙江省
STN_临淄,淄博市,山东省
STN_临淄北,淄博市,山东省
STN_临清,聊城市,山东省
STN_临湘,岳阳市,湖南省
STN_临潼,西安市,陕西省
STN_临潼东,西安市,陕西省
STN_临澧西,常德市,湖南省
STN_临西,邢台市,河北省
STN_临邑,德州市,山东省
STN_临颍,漯河市,河南省
STN_临高南,临高县,海南省
STN_丹东,丹东市,辽宁省
STN_丹东西,丹东市,辽宁省
STN_丹凤,商洛市,陕西省
STN_丹徒,镇江市,江苏省
STN_丹水池,武汉市,湖北省
STN_丹江口,十堰市,湖北省
STN_丹阳,镇江市,江苏省
STN_丹阳北,镇江市,江苏省
STN_丹霞山,韶关市,广东省
STN_丽水,丽水市,浙江省
STN_丽江,丽江市,云南省
STN_乃托,凉山彝族自治州,四川省
STN_乃林,赤峰市,内蒙古自治区
STN_么荒,阜新市,辽宁省
STN_么铺,安顺市,贵州省
STN_义乌,金华市,浙江省
STN_义井,邯郸市,河北省
STN_义县,锦州市,辽宁省
STN_义县西,锦州市,辽宁省
STN_义合镇,榆林市,陕西省
STN_义马,三门峡市,河南省
STN_乌丹,赤峰市,内蒙古自治区
STN_乌伊岭,伊春市,黑龙江省
STN_乌兰,海西蒙古族藏族自治州,青海省
STN_乌兰哈达,乌兰察布市,内蒙古自治区
STN_乌兰察布,乌兰察布市,内蒙古自治区
STN_乌兰木伦,鄂尔多斯市,内蒙古自治区
STN_乌兰木图,阜新市,辽宁省
STN_乌兰浩特,兴安盟,内蒙古自治区
STN_乌兰胡同,包头市,内蒙古自治区
STN_乌兰花,锡林郭勒盟,内蒙古自治区
STN_乌兰陶勒盖,鄂尔多斯市,内蒙古自治区
STN_乌北,乌鲁木齐市,新疆维吾尔自治区
STN_乌固诺尔,呼伦贝尔市,内蒙古自治区
STN_乌图美仁,海西蒙古族藏族自治州,青海省
STN_乌奴耳,呼伦贝尔市,内蒙古自治区
STN_乌审旗,鄂尔多斯市,内蒙古自治区
STN_乌尔旗汗,呼伦贝尔市,内蒙古自治区
STN_乌山,长沙市,湖南省
STN_乌拉山,巴彦淖尔市,内蒙古自治区
STN_乌拉山西,巴彦淖尔市,内蒙古自治区
STN_乌拉特前旗,巴彦淖尔市,内蒙古自治区
STN_乌斯土,通辽市,内蒙古自治区
STN_乌日图,锡林郭勒盟,内蒙古自治区
STN_乌日根塔拉,锡林郭勒盟,内蒙古自治区
STN_乌江寨,遵义市,贵州省
STN_乌海,乌海市,内蒙古自治区
STN_乌海东,乌海市,内蒙古自治区
STN_乌海北,乌海市,内蒙古自治区
STN_乌海南,乌海市,内蒙古自治区
STN_乌海西,乌海市,内蒙古自治区
STN_乌苏,塔城地区,新疆维吾尔自治区
STN_乌西,乌鲁木齐市,新疆维吾尔自治区
STN_乌鲁布铁,呼伦贝尔市,内蒙古自治区
STN_乌鲁木齐,乌鲁木齐市,新疆维吾尔自治区
STN_乌鲁木齐南,乌鲁木齐市,新疆维吾尔自治区
STN_乌龙泉东,武汉市,湖北省
STN_乌龙泉南,武汉市,湖北省
STN_乐东,乐东黎族自治县,海南省
STN_乐化,南昌市,江西省
STN_乐同,广州市,广东省
STN_乐善村,昆明市,云南省
STN_乐园,延边朝鲜族自治州,吉林省
STN_乐山,乐山市,四川省
STN_乐平北,景德镇市,江西省
STN_乐平市,景德镇市,江西省
STN_乐昌,韶关市,广东省
STN_乐昌东,韶关市,广东省
STN_乐武,凉山彝族自治州,四川省
STN_乐清,温州市,浙江省
STN_乐清东,温州市,浙江省
STN_乐素河,汉中市,陕西省
STN_乐跃,凉山彝族自治州,四川省
STN_乐都,海东市,青海省
STN_乔庄东,北京市,北京市
STN_九三,黑河市,黑龙江省
STN_九佛,广州市,广东省
STN_九华山,池州市,安徽省
STN_九台,长春市,吉林省
STN_九台南,长春市,吉林省
STN_九架所,成都市,四川省
STN_九江,九江市,江西省
STN_九江西,九江市,江西省
STN_九节壕所,荆州市,湖北省
STN_九营,双鸭山市,黑龙江省
STN_九郎山,株洲市,湖南省
STN_九里,乐山市,四川省
STN_九里垄,九江市,江西省
STN_九龙坡,重庆市,重庆市
STN_九龙塘,遵义市,贵州省
STN_乳山,威海市,山东省
STN_乳山南,威海市,山东省
STN_乾县,咸阳市,陕西省
STN_乾安,松原市,吉林省
STN_了墩,哈密市,新疆维吾尔自治区
STN_二井,黑河市,黑龙江省
STN_二塘,桂林市,广西壮族自治区
STN_二营,固原市,宁夏回族自治区
STN_二连,锡林郭勒盟,内蒙古自治区
STN_二道岩,六盘水市,贵州省
STN_二道桥,昭通市,云南省
STN_二道沙河,包头市,内蒙古自治区
STN_二道沟,乌兰察布市,内蒙古自治区
STN_二道沟门,承德市,河北省
STN_二道河,吉林市,吉林省
STN_二道湾,齐齐哈尔市,黑龙江省
STN_二郎庙所,郑州市,河南省
STN_二龙,赤峰市,内蒙古自治区
STN_二龙屯,兴安盟,内蒙古自治区
STN_二龙山屯,黑河市,黑龙江省
STN_于田,和田地区,新疆维吾尔自治区
STN_于都,赣州市,江西省
STN_于都北,赣州市,江西省
STN_云东海,佛山市,广东省
STN_云南驿,大理白族自治州,云南省
STN_云县,临沧市,云南省
STN_云居寺,北京市,北京市
STN_云山,惠州市,广东省
STN_云彩岭,大同市,山西省
STN_云梦,孝感市,湖北省
STN_云梦东,孝感市,湖北省
STN_云浮东,云浮市,广东省
STN_云田乡,定西市,甘肃省
STN_云端,通辽市,内蒙古自治区
STN_云阳,重庆市,重庆市
STN_云霄,漳州市,福建省
STN_云龙,宁波市,浙江省
STN_互做布其,阿拉善盟,内蒙古自治区
STN_互助,七台河市,黑龙江省
STN_五七,盘锦市,辽宁省
STN_五三,沈阳市,辽宁省
STN_五个圈,海西蒙古族藏族自治州,青海省
STN_五五,胡杨河市,新疆维吾尔自治区
STN_五凤溪,成都市,四川省
STN_五十家子,赤峰市,内蒙古自治区
STN_五华,梅州市,广东省
STN_五原,巴彦淖尔市,内蒙古自治区
STN_五叉沟,兴安盟,内蒙古自治区
STN_五台山北,忻州市,山西省
STN_五合,南宁市,广西壮族自治区
STN_五大连池,黑河市,黑龙江省
STN_五女山,本溪市,辽宁省
STN_五家,哈尔滨市,黑龙江省
STN_五寨,忻州市,山西省
STN_五常,哈尔滨市,黑龙江省
STN_五府山,上饶市,江西省
STN_五林,牡丹江市,黑龙江省
STN_五桥,重庆市,重庆市
STN_五棵树,长春市,吉林省
STN_五河,蚌埠市,安徽省
STN_五眼桥所,佛山市,广东省
STN_五莲,日照市,山东省
STN_五营,伊春市,黑龙江省
STN_五通,桂林市,广西壮族自治区
STN_五道木,通辽市,内蒙古自治区
STN_五道河,承德市,河北省
STN_五里堂所,济南市,山东省
STN_五龙背,丹东市,辽宁省
STN_五龙背东,丹东市,辽宁省
STN_井冈山,吉安市,江西省
STN_井南,石家庄市,河北省
STN_井口,重庆市,重庆市
STN_井店,邯郸市,河北省
STN_井湾,珠海市,广东省
STN_井陉,石家庄市,河北省
STN_亚复,吉林市,吉林省
STN_亚布力,哈尔滨市,黑龙江省
STN_亚布力南,哈尔滨市,黑龙江省
STN_亚布力西,哈尔滨市,黑龙江省
STN_亚沟,哈尔滨市,黑龙江省
STN_亚河,牡丹江市,黑龙江省
STN_亚龙湾,三亚市,海南省
STN_交城,吕梁市,山西省
STN_亦庄,北京市,北京市
STN_京山,荆门市,湖北省
STN_京山南,荆门市,湖北省
STN_京津所,天津市,天津市
STN_亭亮,崇左市,广西壮族自治区
STN_亭子山,南京市,江苏省
STN_亭林,上海市,上海市
STN_亮兵台,延边朝鲜族自治州,吉林省
STN_亮甲店,大连市,辽宁省
STN_亳州,亳州市,安徽省
STN_亳州南,亳州市,安徽省
STN_什邡西,德阳市,四川省
STN_什里店,邯郸市,河北省
STN_仁布,日喀则市,西藏自治区
STN_介休,晋中市,山西省
STN_介休东,晋中市,山西省
STN_从江,黔东南苗族侗族自治州,贵州省
STN_他石海,大庆市,黑龙江省
STN_仙人桥,白山市,吉林省
STN_仙人洞,大连市,辽宁省
STN_仙居,台州市,浙江省
STN_仙居南,台州市,浙江省
STN_仙村,广州市,广东省
STN_仙林,南京市,江苏省
STN_仙桃,仙桃市,湖北省
STN_仙桃西,仙桃市,湖北省
STN_仙水,毕节市,贵州省
STN_仙游,莆田市,福建省
STN_代县,忻州市,山西省
STN_代湾,乐山市,四川省
STN_以勒,昭通市,云南省
STN_仪征,扬州市,江苏省
STN_仪陇,南充市,四川省
STN_仲恺,惠州市,广东省
STN_任丘,沧州市,河北省
STN_任家店,朝阳市,辽宁省
STN_伊图塔,通辽市,内蒙古自治区
STN_伊图里河,呼伦贝尔市,内蒙古自治区
STN_伊宁,伊犁哈萨克自治州,新疆维吾尔自治区
STN_伊宁东,伊犁哈萨克自治州,新疆维吾尔自治区
STN_伊尔施,兴安盟,内蒙古自治区
STN_伊川,洛阳市,河南省
STN_伊拉哈,黑河市,黑龙江省
STN_伊敏,呼伦贝尔市,内蒙古自治区
STN_伊敏索木,呼伦贝尔市,内蒙古自治区
STN_伊春,伊春市,黑龙江省
STN_伊通,四平市,吉林省
STN_会同,怀化市,湖南省
STN_会昌北,赣州市,江西省
STN_伯官,沈阳市,辽宁省
STN_低庄,怀化市,湖南省
STN_低窝铺,酒泉市,甘肃省
STN_何三家,锦州市,辽宁省
STN_何刘,武汉市,湖北省
STN_何家所,南昌市,江西省
STN_何寨,西安市,陕西省
STN_余姚,宁波市,浙江省
STN_余姚北,宁波市,浙江省
STN_余家湾,武汉市,湖北省
STN_余干,上饶市,江西省
STN_余江,鹰潭市,江西省
STN_余粮堡,通辽市,内蒙古自治区
STN_佛坪,汉中市,陕西省
STN_佛塱,广州市,广东省
STN_佛山,佛山市,广东省
STN_佛山西,佛山市,广东省
STN_佛岭,七台河市,黑龙江省
STN_佛肇,佛山市,广东省
STN_佟家,丹东市,辽宁省
STN_佳木斯,佳木斯市,黑龙江省
STN_佳木斯西,佳木斯市,黑龙江省
STN_依兰,哈尔滨市,黑龙江省
STN_依吞布拉克,巴音郭楞蒙古自治州,新疆维吾尔自治区
STN_依安,齐齐哈尔市,黑龙江省
STN_侯家坪,资阳市,四川省
STN_侯杖子,朝阳市,辽宁省
STN_侯马,临汾市,山西省
STN_侯马北,临汾市,山西省
STN_侯马西,临汾市,山西省
STN_保健,乌兰察布市,内蒙古自治区
STN_保定,保定市,河北省
STN_保定东,保定市,河北省
STN_保家楼,重庆市,重庆市
STN_保山,保山市,云南省
STN_保平所,成都市,四川省
STN_保康,通辽市,内蒙古自治区
STN_保康县,襄阳市,湖北省
STN_保德,忻州市,山西省
STN_保田,六盘水市,贵州省
STN_俞冲,自贡市,四川省
STN_信丰,赣州市,江西省
STN_信丰西,赣州市,江西省
STN_信宜,茂名市,广东省
STN_信阳,信阳市,河南省
STN_信阳东,信阳市,河南省
STN_信阳北,信阳市,河南省
STN_信阳西,信阳市,河南省
STN_修文,晋中市,山西省
STN_修文县,贵阳市,贵州省
STN_修武,焦作市,河南省
STN_修武西,焦作市,河南省
STN_倭肯,七台河市,黑龙江省
STN_偃师,洛阳市,河南省
STN_偏岭,本溪市,辽宁省
STN_偏岭镇,鞍山市,辽宁省
STN_偏店,邯郸市,河北省
STN_元坝,广元市,四川省
STN_元宝山,赤峰市,内蒙古自治区
STN_元氏,石家庄市,河北省
STN_元江,玉溪市,云南省
STN_元田坝,遵义市,贵州省
STN_元谋,楚雄彝族自治州,云南省
STN_元谋西,楚雄彝族自治州,云南省
STN_元龙,天水市,甘肃省
STN_先锋,长沙市,湖南省
STN_先锋营,攀枝花市,四川省
STN_光国村所,重庆市,重庆市
STN_光山,信阳市,河南省
STN_光明,齐齐哈尔市,黑龙江省
STN_光明城,深圳市,广东省
STN_光泽,南平市,福建省
STN_光辉,通化市,吉林省
STN_克一河,呼伦贝尔市,内蒙古自治区
STN_克东,齐齐哈尔市,黑龙江省
STN_克山,齐齐哈尔市,黑龙江省
STN_克拉玛依,克拉玛依市,新疆维吾尔自治区
STN_免渡河,呼伦贝尔市,内蒙古自治区
STN_兑镇,吕梁市,山西省
STN_兖州,济宁市,山东省
STN_党家庄,济南市,山东省
STN_党武,贵阳市,贵州省
STN_全州南,桂林市,广西壮族自治区
STN_全椒,滁州市,安徽省
STN_八仙筒,通辽市,内蒙古自治区
STN_八家子,延边朝鲜族自治州,吉林省
STN_八岭山所,荆门市,湖北省
STN_八斗岭,合肥市,安徽省
STN_八方,齐齐哈尔市,黑龙江省
STN_八方山,长沙市,湖南省
STN_八步,毕节市,贵州省
STN_八渡,黔西南布依族苗族自治州,贵州省
STN_八盘峡,兰州市,甘肃省
STN_八苏木,乌兰察布市,内蒙古自治区
STN_八虎力,佳木斯市,黑龙江省
STN_八角台,锦州市,辽宁省
STN_八达岭,北京市,北京市
STN_八达岭西所,北京市,北京市
STN_八达岭长城,北京市,北京市
STN_八都,吉安市,江西省
STN_八里,成都市,四川省
STN_八里甸子,本溪市,辽宁省
STN_八面城,铁岭市,辽宁省
STN_八面通,牡丹江市,黑龙江省
STN_公主岭,长春市,吉林省
STN_公主岭南,长春市,吉林省
STN_公兴,成都市,四川省
STN_公庙子,巴彦淖尔市,内蒙古自治区
STN_公积坂,包头市,内蒙古自治区
STN_公营子,朝阳市,辽宁省
STN_六个鸡,黔东南苗族侗族自治州,贵州省
STN_六合,南京市,江苏省
STN_六合镇,齐齐哈尔市,黑龙江省
STN_六地沟,赤峰市,内蒙古自治区
STN_六安,六安市,安徽省
STN_六枝,六盘水市,贵州省
STN_六枝南,六盘水市,贵州省
STN_六盘山,固原市,宁夏回族自治区
STN_六盘水,六盘水市,贵州省
STN_六盘水东,六盘水市,贵州省
STN_六盘水南,六盘水市,贵州省
STN_六道河,吉林市,吉林省
STN_六道河子,承德市,河北省
STN_兰家,锦州市,辽宁省
STN_兰家屯,沈阳市,辽宁省
STN_兰岗,牡丹江市,黑龙江省
STN_兰岭,鸡西市,黑龙江省
STN_兰州,兰州市,甘肃省
STN_兰州东,兰州市,甘肃省
STN_兰州新区,兰州市,甘肃省
STN_兰州西,兰州市,甘肃省
STN_兰店,大连市,辽宁省
STN_兰棱,哈尔滨市,黑龙江省
STN_兰溪,金华市,浙江省
STN_兰溪东,金华市,浙江省
STN_兰考,开封市,河南省
STN_兰考南,开封市,河南省
STN_兰花坡所,贵阳市,贵州省
STN_兰陵北,临沂市,山东省
STN_共和,乐山市,四川省
STN_共青城,九江市,江西省
STN_关寨,六盘水市,贵州省
STN_关岭,安顺市,贵州省
STN_关村坝,乐山市,四川省
STN_关林,洛阳市,河南省
STN_关碾房,鄂尔多斯市,内蒙古自治区
STN_兴业,玉林市,广西壮族自治区
STN_兴业南,玉林市,广西壮族自治区
STN_兴义,黔西南布依族苗族自治州,贵州省
STN_兴义南,黔西南布依族苗族自治州,贵州省
STN_兴凯,鸡西市,黑龙江省
STN_兴发村所,常德市,湖南省
STN_兴和,乌兰察布市,内蒙古自治区
STN_兴和北,乌兰察布市,内蒙古自治区
STN_兴和西,乌兰察布市,内蒙古自治区
STN_兴国,赣州市,江西省
STN_兴国西,赣州市,江西省
STN_兴城,葫芦岛市,辽宁省
STN_兴城西,葫芦岛市,辽宁省
STN_兴宁,梅州市,广东省
STN_兴宁南,梅州市,广东省
STN_兴安北,桂林市,广西壮族自治区
STN_兴安岭,呼伦贝尔市,内蒙古自治区
STN_兴山,宜昌市,湖北省
STN_兴平,咸阳市,陕西省
STN_兴文,宜宾市,四川省
STN_兴文南,宜宾市,四川省
STN_兴无,大庆市,黑龙江省
STN_兴泉堡,白银市,甘肃省
STN_兴福,绥化市,黑龙江省
STN_兴莲,佳木斯市,黑龙江省
STN_兴隆县,承德市,河北省
STN_兴隆县西,承德市,河北省
STN_兴隆场,重庆市,重庆市
STN_兴隆山,长春市,吉林省
STN_兴隆店,沈阳市,辽宁省
STN_兴隆河,抚顺市,辽宁省
STN_兴隆镇,哈尔滨市,黑龙江省
STN_养马河,成都市,四川省
STN_内乡,南阳市,河南省
STN_内江,内江市,四川省
STN_内江东,内江市,四川省
STN_内江北,内江市,四川省
STN_内江南,内江市,四川省
STN_内黄,安阳市,河南省
STN_册亨,黔西南布依族苗族自治州,贵州省
STN_冕宁,凉山彝族自治州,四川省
STN_冕山,凉山彝族自治州,四川省
STN_军粮城北,天津市,天津市
STN_农垦四团,巴彦淖尔市,内蒙古自治区
STN_农安,长春市,吉林省
STN_冠县,聊城市,山东省
STN_冠朝,吉安市,江西省
STN_冠豸山,龙岩市,福建省
STN_冠豸山南,龙岩市,福建省
STN_冯家山,宝鸡市,陕西省
STN_冯家湾所,重庆市,重庆市
STN_冯屯,齐齐哈尔市,黑龙江省
STN_冷坝,六盘水市,贵州省
STN_冷水,安康市,陕西省
STN_冷水江东,娄底市,湖南省
STN_准东,昌吉回族自治州,新疆维吾尔自治区
STN_准东北,昌吉回族自治州,新疆维吾尔自治区
STN_准格尔,鄂尔多斯市,内蒙古自治区
STN_凉水井,毕节市,贵州省
STN_凉红,凉山彝族自治州,四川省
STN_凉雾,恩施土家族苗族自治州,湖北省
STN_凌村所,南宁市,广西壮族自治区
STN_凌海,锦州市,辽宁省
STN_凌海南,锦州市,辽宁省
STN_凌源,朝阳市,辽宁省
STN_凌源东,朝阳市,辽宁省
STN_凤仪村,楚雄彝族自治州,云南省
STN_凤凰古城,湘西土家族苗族自治州,湖南省
STN_凤凰城,丹东市,辽宁省
STN_凤凰山,六盘水市,贵州省
STN_凤凰机场,三亚市,海南省
STN_凤凰西所,三亚市,海南省
STN_凤县,宝鸡市,陕西省
STN_凤台南,淮南市,安徽省
STN_凤城东,丹东市,辽宁省
STN_凤岭北所,南宁市,广西壮族自治区
STN_凤州,宝鸡市,陕西省
STN_凤翔,宝鸡市,陕西省
STN_凤阁岭,天水市,甘肃省
STN_凤阳,滁州市,安徽省
STN_凭祥,崇左市,广西壮族自治区
STN_凭祥东,崇左市,广西壮族自治区
STN_凯北,鸡西市,黑龙江省
STN_凯里,黔东南苗族侗族自治州,贵州省
STN_凯里南,黔东南苗族侗族自治州,贵州省
STN_凯里西,黔东南苗族侗族自治州,贵州省
STN_刀尔登,朝阳市,辽宁省
STN_分宜,新余市,江西省
STN_分路口,六安市,安徽省
STN_刘伟壕,包头市,内蒙古自治区
STN_刘召,巴彦淖尔市,内蒙古自治区
STN_刘家店,长春市,吉林省
STN_刘家所,青岛市,山东省
STN_刘家村,大连市,辽宁省
STN_刘家河,丹东市,辽宁省
STN_刘屯,葫芦岛市,辽宁省
STN_刘府,滁州市,安徽省
STN_刘征,淄博市,山东省
STN_刘沟,乐山市,四川省
STN_刘集,东营市,山东省
STN_刚察,海北藏族自治州,青海省
STN_利国镇,乐东黎族自治县,海南省
STN_利川,恩施土家族苗族自治州,湖北省
STN_利津南,东营市,山东省
STN_利辛西,亳州市,安徽省
STN_别山,天津市,天津市
STN_到保,白城市,吉林省
STN_前丁香东所,沈阳市,辽宁省
STN_前丁香西所,沈阳市,辽宁省
STN_前卫,葫芦岛市,辽宁省
STN_前场,厦门市,福建省
STN_前山,珠海市,广东省
STN_前岗所,襄阳市,湖北省
STN_前磨头,衡水市,河北省
STN_前窑,吉林市,吉林省
STN_前苇塘,承德市,河北省
STN_前进镇,佳木斯市,黑龙江省
STN_前锋,佳木斯市,黑龙江省
STN_剑门关,广元市,四川省
STN_加劳,黔东南苗族侗族自治州,贵州省
STN_加南,呼伦贝尔市,内蒙古自治区
STN_加查,山南市,西藏自治区
STN_加格达奇,呼伦贝尔市,内蒙古自治区
STN_励家,锦州市,辽宁省
STN_劲松,呼伦贝尔市,内蒙古自治区
STN_劳动屯,大庆市,黑龙江省
STN_勃利,七台河市,黑龙江省
STN_勉县,汉中市,陕西省
STN_勉西,汉中市,陕西省
STN_勐腊,西双版纳傣族自治州,云南省
STN_勾庄所,杭州市,浙江省
STN_包头,包头市,内蒙古自治区
STN_包头东,包头市,内蒙古自治区
STN_包头北,包头市,内蒙古自治区
STN_包头西,包头市,内蒙古自治区
STN_化城,昆明市,云南省
STN_化处,安顺市,贵州省
STN_化州,茂名市,广东省
STN_化德,乌兰察布市,内蒙古自治区
STN_化念,玉溪市,云南省
STN_化新村所,六盘水市,贵州省
STN_化龙南,广州市,广东省
STN_北义井,忻州市,山西省
STN_北井子,丹东市,辽宁省
STN_北京,北京市,北京市
STN_北京东,北京市,北京市
STN_北京丰台,北京市,北京市
STN_北京北,北京市,北京市
STN_北京南,北京市,北京市
STN_北京大兴,北京市,北京市
STN_北京朝阳,北京市,北京市
STN_北京西,北京市,北京市
STN_北京通州,北京市,北京市
STN_北仓,天津市,天津市
STN_北兴安,兴安盟,内蒙古自治区
STN_北刘各庄所,北京市,北京市
STN_北召店,南阳市,河南省
STN_北台,本溪市,辽宁省
STN_北台子,赤峰市,内蒙古自治区
STN_北塬,延安市,陕西省
STN_北宅,北京市,北京市
STN_北安,黑河市,黑龙江省
STN_北屯,保定市,河北省
STN_北屯市,北屯市,新疆维吾尔自治区
STN_北戴河,秦皇岛市,河北省
STN_北板桥,晋城市,山西省
STN_北流,玉林市,广西壮族自治区
STN_北海,钦州市,广西壮族自治区
STN_北溪头所,漳州市,福建省
STN_北滘,佛山市,广东省
STN_北滘西,佛山市,广东省
STN_北滩,白银市,甘肃省
STN_北牟,淄博市,山东省
STN_北白,忻州市,山西省
STN_北碚,重庆市,重庆市
STN_北票,朝阳市,辽宁省
STN_北舍,长治市,山西省
STN_北辰,天津市,天津市
STN_北马圈子,承德市,河北省
STN_十三间房,哈密市,新疆维吾尔自治区
STN_十八台,乌兰察布市,内蒙古自治区
STN_十堰,十堰市,湖北省
STN_十堰东,十堰市,湖北省
STN_十字门,中山市,广东省
STN_十家子,阜新市,辽宁省
STN_十渡,北京市,北京市
STN_十里坪,延边朝鲜族自治州,吉林省
STN_十里岩所,宣城市,安徽省
STN_千岛湖,杭州市,浙江省
STN_千岛湖南,杭州市,浙江省
STN_千河,宝鸡市,陕西省
STN_千阳,宝鸡市,陕西省
STN_升昌,双鸭山市,黑龙江省
STN_午汲,邯郸市,河北省
STN_半壁山,承德市,河北省
STN_半截河,佳木斯市,黑龙江省
STN_半边山所,重庆市,重庆市
STN_华亭,平凉市,甘肃省
STN_华兴村所,成都市,四川省
STN_华城,梅州市,广东省
STN_华安,漳州市,福建省
STN_华家,长春市,吉林省
STN_华容,鄂州市,湖北省
STN_华容东,鄂州市,湖北省
STN_华容南,鄂州市,湖北省
STN_华山,渭南市,陕西省
STN_华山北,渭南市,陕西省
STN_华州,渭南市,陕西省
STN_华蓥,广安市,四川省
STN_协荣,拉萨市,西藏自治区
STN_卓资东,乌兰察布市,内蒙古自治区
STN_卓资山,乌兰察布市,内蒙古自治区
STN_南丰,抚州市,江西省
STN_南丹,河池市,广西壮族自治区
STN_南乐,濮阳市,河南省
STN_南京,南京市,江苏省
STN_南京南,南京市,江苏省
STN_南京西,南京市,江苏省
STN_南仇,淄博市,山东省
STN_南仓,天津市,天津市
STN_南仓所,天津市,天津市
STN_南充,南充市,四川省
STN_南充东,南充市,四川省
STN_南充北,南充市,四川省
STN_南充南,南充市,四川省
STN_南充西,南充市,四川省
STN_南关岭,大连市,辽宁省
STN_南兴安,兴安盟,内蒙古自治区
STN_南华,楚雄彝族自治州,云南省
STN_南华北,楚雄彝族自治州,云南省
STN_南博山,淄博市,山东省
STN_南口,北京市,北京市
STN_南召,南阳市,河南省
STN_南台,鞍山市,辽宁省
STN_南城,抚州市,江西省
STN_南城司,保定市,河北省
STN_南堡北,唐山市,河北省
STN_南塘镇,赣州市,江西省
STN_南夏宋所,济宁市,山东省
STN_南大庙,承德市,河北省
STN_南头,中山市,广东省
STN_南宁,南宁市,广西壮族自治区
STN_南宁东,南宁市,广西壮族自治区
STN_南宁北,南宁市,广西壮族自治区
STN_南宁西,南宁市,广西壮族自治区
STN_南安北,泉州市,福建省
STN_南定,淄博市,山东省
STN_南宫东,邢台市,河北省
STN_南尔岗,凉山彝族自治州,四川省
STN_南屯,巴音郭楞蒙古自治州,新疆维吾尔自治区
STN_南山北,三亚市,海南省
STN_南岔,伊春市,黑龙江省
STN_南峧,长治市,山西省
STN_南峪,石家庄市,河北省
STN_南川,重庆市,重庆市
STN_南川北,重庆市,重庆市
STN_南平北,南平市,福建省
STN_南平市,南平市,福建省
STN_南店所,南昌市,江西省
STN_南康,赣州市,江西省
STN_南张村,石家庄市,河北省
STN_南彭,重庆市,重庆市
STN_南昌,南昌市,江西省
STN_南昌东,南昌市,江西省
STN_南昌北,南昌市,江西省
STN_南昌南,南昌市,江西省
STN_南昌西,南昌市,江西省
STN_南曹,郑州市,河南省
STN_南朗,中山市,广东省
STN_南木,呼伦贝尔市,内蒙古自治区
STN_南杂木,抚顺市,辽宁省
STN_南桥,葫芦岛市,辽宁省
STN_南永宁,渭南市,陕西省
STN_南江,贵阳市,贵州省
STN_南江口,云浮市,广东省
STN_南汤,朝阳市,辽宁省
STN_南沙北,广州市,广东省
STN_南沟,延边朝鲜族自治州,吉林省
STN_南河川,天水市,甘肃省
STN_南洼,朝阳市,辽宁省
STN_南涧,大理白族自治州,云南省
STN_南湖东,武汉市,湖北省
STN_南湖北所,武汉市,湖北省
STN_南湾子,承德市,河北省
STN_南溪,宜宾市,四川省
STN_南溪北,宜宾市,四川省
STN_南漳,襄阳市,湖北省
STN_南白镇,遵义市,贵州省
STN_南石所,龙岩市,福建省
STN_南票,葫芦岛市,辽宁省
STN_南翔北,上海市,上海市
STN_南翔北所,上海市,上海市
STN_南芬,本溪市,辽宁省
STN_南芬北,本溪市,辽宁省
STN_南街所,吉安市,江西省
STN_南观村,北京市,北京市
STN_南通,南通市,江苏省
STN_南通西,南通市,江苏省
STN_南部,南充市,四川省
STN_南阳,洛阳市,河南省
STN_南阳东,南阳市,河南省
STN_南阳寨,郑州市,河南省
STN_南阳西,南阳市,河南省
STN_南陈铺,晋城市,山西省
STN_南陵,芜湖市,安徽省
STN_南雄,韶关市,广东省
STN_南靖,漳州市,福建省
STN_博乐,博尔塔拉蒙古自治州,新疆维吾尔自治区
STN_博乐东,双河市,新疆维吾尔自治区
STN_博克图,呼伦贝尔市,内蒙古自治区
STN_博兴,滨州市,山东省
STN_博山,淄博市,山东省
STN_博白,玉林市,广西壮族自治区
STN_博罗,惠州市,广东省
STN_博罗北,惠州市,广东省
STN_博鳌,琼海市,海南省
STN_卡伦,长春市,吉林省
STN_卡路屯,牡丹江市,黑龙江省
STN_卢龙,秦皇岛市,河北省
STN_卧虎屯,四平市,吉林省
STN_卧龙寺,宝鸡市,陕西省
STN_卫星,鸡西市,黑龙江省
STN_卫辉,新乡市,河南省
STN_卫辉南,新乡市,河南省
STN_即墨,青岛市,山东省
STN_即墨北,青岛市,山东省
STN_厂汗,包头市,内蒙古自治区
STN_历城,济南市,山东省
STN_厉家寨,临沂市,山东省
STN_厉山,随州市,湖北省
STN_厚街,东莞市,广东省
STN_原平,忻州市,山西省
STN_原平西,忻州市,山西省
STN_原林,呼伦贝尔市,内蒙古自治区
STN_厢竹所,南宁市,广西壮族自治区
STN_厦门,厦门市,福建省
STN_厦门北,厦门市,福建省
STN_厦门高崎,厦门市,福建省
STN_叆河,丹东市,辽宁省
STN_叉车厂,大连市,辽宁省
STN_友好,伊春市,黑龙江省
STN_友谊水库,乌兰察布市,内蒙古自治区
STN_双丰,伊春市,黑龙江省
STN_双凤驿,内江市,四川省
STN_双吉,吉林市,吉林省
STN_双城北,松原市,吉林省
STN_双城堡,哈尔滨市,黑龙江省
STN_双塔,酒泉市,甘肃省
STN_双子河,伊春市,黑龙江省
STN_双岭所,安庆市,安徽省
STN_双峰北,娄底市,湖南省
STN_双柳,双鸭山市,黑龙江省
STN_双桥,北京市,北京市
STN_双水,六盘水市,贵州省
STN_双水镇,江门市,广东省
STN_双河市,博尔塔拉蒙古自治州,新疆维吾尔自治区
STN_双河镇,吉林市,吉林省
STN_双泡子,通辽市,内蒙古自治区
STN_双洋,龙岩市,福建省
STN_双流,成都市,四川省
STN_双流机场,成都市,四川省
STN_双流西,成都市,四川省
STN_双湄村,昆明市,云南省
STN_双溪,重庆市,重庆市
STN_双牌,永州市,湖南省
STN_双石桥,重庆市,重庆市
STN_双碑所,重庆市,重庆市
STN_双福,乐山市,四川省
STN_双羊店,锦州市,辽宁省
STN_双蒙,河池市,广西壮族自治区
STN_双辽,四平市,吉林省
STN_双阳,长春市,吉林省
STN_双鸭山,双鸭山市,黑龙江省
STN_双鸭山西,双鸭山市,黑龙江省
STN_双龙,达州市,四川省
STN_双龙南,贵阳市,贵州省
STN_双龙山,佳木斯市,黑龙江省
STN_双龙湖,哈尔滨市,黑龙江省
STN_发耳,六盘水市,贵州省
STN_叙永北,泸州市,四川省
STN_叠溪,阿坝藏族羌族自治州,四川省
STN_口前,吉林市,吉林省
STN_口头,淄博市,山东省
STN_古丈西,湘西土家族苗族自治州,湖南省
STN_古东,太原市,山西省
STN_古交,太原市,山西省
STN_古冶,唐山市,河北省
STN_古北口,北京市,北京市
STN_古城,齐齐哈尔市,黑龙江省
STN_古城东,亳州市,安徽省
STN_古城子,本溪市,辽宁省
STN_古城镇,牡丹江市,黑龙江省
STN_古家沱,重庆市,重庆市
STN_古浪,武威市,甘肃省
STN_古浪北,武威市,甘肃省
STN_古源,呼伦贝尔市,内蒙古自治区
STN_古田,宁德市,福建省
STN_古田会址,龙岩市,福建省
STN_古田北,宁德市,福建省
STN_古砦,柳州市,广西壮族自治区
STN_古莲,大兴安岭地区,黑龙江省
STN_古营盘,乌兰察布市,内蒙古自治区
STN_古路,重庆市,重庆市
STN_古镇,中山市,广东省
STN_句容,镇江市,江苏省
STN_句容西,镇江市,江苏省
STN_台前,濮阳市,河南省
STN_台安,鞍山市,辽宁省
STN_台安南,鞍山市,辽宁省
STN_台山,江门市,广东省
STN_台州,台州市,浙江省
STN_台州西,台州市,浙江省
STN_台阁牧,呼和浩特市,内蒙古自治区
STN_台集屯,葫芦岛市,辽宁省
STN_史口,东营市,山东省
STN_史喇口所,兰州市,甘肃省
STN_史家铺,宝鸡市,陕西省
STN_叶城,喀什地区,新疆维吾尔自治区
STN_叶柏寿,朝阳市,辽宁省
STN_叶榭,上海市,上海市
STN_叶茂,河池市,广西壮族自治区
STN_叶集,六安市,安徽省
STN_司家岭,济南市,山东省
STN_合川,重庆市,重庆市
STN_合村所,日照市,山东省
STN_合浦,北海市,广西壮族自治区
STN_合肥,合肥市,安徽省
STN_合肥北城,合肥市,安徽省
STN_合肥南,合肥市,安徽省
STN_合肥西,合肥市,安徽省
STN_合阳,渭南市,陕西省
STN_合阳北,渭南市,陕西省
STN_吉兰泰,阿拉善盟,内蒙古自治区
STN_吉安,吉安市,江西省
STN_吉安南,吉安市,江西省
STN_吉安西,吉安市,江西省
STN_吉文,呼伦贝尔市,内蒙古自治区
STN_吉新河,齐齐哈尔市,黑龙江省
STN_吉林,吉林市,吉林省
STN_吉水,吉安市,江西省
STN_吉水西,吉安市,江西省
STN_吉舒,吉林市,吉林省
STN_吉首,湘西土家族苗族自治州,湖南省
STN_吉首东,湘西土家族苗族自治州,湖南省
STN_同心,吴忠市,宁夏回族自治区
STN_同江,佳木斯市,黑龙江省
STN_同田湾,怀化市,湖南省
STN_名山,雅安市,四川省
STN_后丁香东所,沈阳市,辽宁省
STN_后丁香西所,沈阳市,辽宁省
STN_后吕村,北京市,北京市
STN_后寨,焦作市,河南省
STN_后岭所,南平市,福建省
STN_后湖,武汉市,湖北省
STN_后马庄,徐州市,江苏省
STN_吐列毛杜,兴安盟,内蒙古自治区
STN_吐哈,吐鲁番市,新疆维吾尔自治区
STN_吐鲁番,吐鲁番市,新疆维吾尔自治区
STN_吐鲁番北,吐鲁番市,新疆维吾尔自治区
STN_向塘,南昌市,江西省
STN_向塘西,南昌市,江西省
STN_向阳,牡丹江市,黑龙江省
STN_向阳川,佳木斯市,黑龙江省
STN_向阳镇,安康市,陕西省
STN_向隍,楚雄彝族自治州,云南省
STN_向韶,湘潭市,湖南省
STN_吕坊,抚州市,江西省
STN_吕梁,吕梁市,山西省
STN_吕河,安康市,陕西省
STN_含山南,马鞍山市,安徽省
STN_启东,南通市,江苏省
STN_吴圩,南宁市,广西壮族自治区
STN_吴圩机场,南宁市,广西壮族自治区
STN_吴场,乐山市,四川省
STN_吴堡,榆林市,陕西省
STN_吴官田,曲靖市,云南省
STN_吴家屯,沈阳市,辽宁省
STN_吴家川,白银市,甘肃省
STN_吴川,湛江市,广东省
STN_吴忠,吴忠市,宁夏回族自治区
STN_吴桥,沧州市,河北省
STN_呈贡,昆明市,云南省
STN_周口,周口市,河南省
STN_周口东,周口市,河南省
STN_周士庄,大同市,山西省
STN_周宁,宁德市,福建省
STN_周家,哈尔滨市,黑龙江省
STN_周家梁所,兰州市,甘肃省
STN_周水子,大连市,辽宁省
STN_周铁岗,黄冈市,湖北省
STN_呼中,大兴安岭地区,黑龙江省
STN_呼兰,哈尔滨市,黑龙江省
STN_呼吉尔,锡林郭勒盟,内蒙古自治区
STN_呼和浩特,呼和浩特市,内蒙古自治区
STN_呼和浩特东,呼和浩特市,内蒙古自治区
STN_呼和温都尔,巴彦淖尔市,内蒙古自治区
STN_呼源,大兴安岭地区,黑龙江省
STN_呼鲁斯太,阿拉善盟,内蒙古自治区
STN_和乐,万宁市,海南省
STN_和什托洛盖,塔城地区,新疆维吾尔自治区
STN_和吉镇所,南宁市,广西壮族自治区
STN_和平,河源市,广东省
STN_和平北,河源市,广东省
STN_和村,邯郸市,河北省
STN_和田,和田地区,新疆维吾尔自治区
STN_和硕,巴音郭楞蒙古自治州,新疆维吾尔自治区
STN_和静,巴音郭楞蒙古自治州,新疆维吾尔自治区
STN_和顺县,晋中市,山西省
STN_和龙,延边朝鲜族自治州,吉林省
STN_咸丰,恩施土家族苗族自治州,湖北省
STN_咸塘,衡阳市,湖南省
STN_咸宁,咸宁市,湖北省
STN_咸宁东,咸宁市,湖北省
STN_咸宁北,咸宁市,湖北省
STN_咸宁南,咸宁市,湖北省
STN_咸阳,咸阳市,陕西省
STN_咸阳北,咸阳市,陕西省
STN_咸阳西,咸阳市,陕西省
STN_品甸,黔西南布依族苗族自治州,贵州省
STN_哈业胡同,包头市,内蒙古自治区
STN_哈克,呼伦贝尔市,内蒙古自治区
STN_哈力图,呼伦贝尔市,内蒙古自治区
STN_哈密,哈密市,新疆维吾尔自治区
STN_哈密东,哈密市,新疆维吾尔自治区
STN_哈尔巴岭,延边朝鲜族自治州,吉林省
STN_哈尔滨,哈尔滨市,黑龙江省
STN_哈尔滨东,哈尔滨市,黑龙江省
STN_哈尔滨北,哈尔滨市,黑龙江省
STN_哈尔滨西,哈尔滨市,黑龙江省
STN_哈尔盖,海北藏族自治州,青海省
STN_哈拉海,长春市,吉林省
STN_哈拉苏,呼伦贝尔市,内蒙古自治区
STN_哈拉黑,兴安盟,内蒙古自治区
STN_哈日努拉,兴安盟,内蒙古自治区
STN_哈福,四平市,吉林省
STN_哈达,呼伦贝尔市,内蒙古自治区
STN_哈达湾,吉林市,吉林省
STN_哈达铺,陇南市,甘肃省
STN_哈达阳,呼伦贝尔市,内蒙古自治区
STN_响水县,盐城市,江苏省
STN_响沙湾,鄂尔多斯市,内蒙古自治区
STN_哲里木,通辽市,内蒙古自治区
STN_唐坊,唐山市,河北省
STN_唐官屯,天津市,天津市
STN_唐家,锦州市,辽宁省
STN_唐家沱,重庆市,重庆市
STN_唐家湾,珠海市,广东省
STN_唐山,唐山市,河北省
STN_唐山北,唐山市,河北省
STN_唐山南,唐山市,河北省
STN_唐山西,唐山市,河北省
STN_唐山车务段,秦皇岛市,河北省
STN_唐房村,昆明市,云南省
STN_唐村所,南昌市,江西省
STN_唐河,南阳市,河南省
STN_唐海,唐山市,河北省
STN_唐海南,唐山市,河北省
STN_商丘,商丘市,河南省
STN_商丘东,商丘市,河南省
STN_商丘南,商丘市,河南省
STN_商南,商洛市,陕西省
STN_商城,信阳市,河南省
STN_商河北,济南市,山东省
STN_商洛,商洛市,陕西省
STN_商洛北,商洛市,陕西省
STN_商洛西,商洛市,陕西省
STN_商都,乌兰察布市,内蒙古自治区
STN_商酒务,平顶山市,河南省
STN_喀什,喀什地区,新疆维吾尔自治区
STN_喀喇其,呼伦贝尔市,内蒙古自治区
STN_喀左,朝阳市,辽宁省
STN_喇嘛山,呼伦贝尔市,内蒙古自治区
STN_喇嘛甸,大庆市,黑龙江省
STN_喜德,凉山彝族自治州,四川省
STN_喜德西,凉山彝族自治州,四川省
STN_嘉兴,嘉兴市,浙江省
STN_嘉兴南,嘉兴市,浙江省
STN_嘉善,嘉兴市,浙江省
STN_嘉善南,嘉兴市,浙江省
STN_嘉峪关,嘉峪关市,甘肃省
STN_嘉峪关南,嘉峪关市,甘肃省
STN_嘉峰,晋城市,山西省
STN_嘉祥,济宁市,山东省
STN_嘉祥北,济宁市,山东省
STN_嘎什吐,通辽市,内蒙古自治区
STN_嘎什甸子,通辽市,内蒙古自治区
STN_嘎拉德斯汰,赤峰市,内蒙古自治区
STN_嘎西,,
STN_四会,肇庆市,广东省
STN_四分滩,巴彦淖尔市,内蒙古自治区
STN_四合,赤峰市,内蒙古自治区
STN_四合永,承德市,河北省
STN_四团,上海市,上海市
STN_四家子,葫芦岛市,辽宁省
STN_四平,四平市,吉林省
STN_四平东,四平市,吉林省
STN_四方,青岛市,山东省
STN_四方台,绥化市,黑龙江省
STN_四棵树,塔城地区,新疆维吾尔自治区
STN_四道沟,朝阳市,辽宁省
STN_四道湾,赤峰市,内蒙古自治区
STN_四里河所,合肥市,安徽省
STN_四马架,佳木斯市,黑龙江省
STN_团山,松原市,吉林省
STN_团林,通化市,吉林省
STN_团瓢庄,唐山市,河北省
STN_团结,齐齐哈尔市,黑龙江省
STN_团结村,重庆市,重庆市
STN_团风,黄冈市,湖北省
STN_园墩,武威市,甘肃省
STN_固原,固原市,宁夏回族自治区
STN_固始,信阳市,河南省
STN_固安,廊坊市,河北省
STN_固安东,廊坊市,河北省
STN_固川,宝鸡市,陕西省
STN_固镇,蚌埠市,安徽省
STN_国道村所,南通市,江苏省
STN_图们,延边朝鲜族自治州,吉林省
STN_图们北,延边朝鲜族自治州,吉林省
STN_图克,鄂尔多斯市,内蒙古自治区
STN_图克木庙,阿拉善盟,内蒙古自治区
STN_图呼木,锡林郭勒盟,内蒙古自治区
STN_图强,大兴安岭地区,黑龙江省
STN_图木舒克,图木舒克市,新疆维吾尔自治区
STN_图里河,呼伦贝尔市,内蒙古自治区
STN_圃田西,郑州市,河南省
STN_土们岭,长春市,吉林省
STN_土地堂东,武汉市,湖北省
STN_土坎,重庆市,重庆市
STN_土桥子,中卫市,宁夏回族自治区
STN_土溪,达州市,四川省
STN_土牧尔台,乌兰察布市,内蒙古自治区
STN_土贵乌拉,乌兰察布市,内蒙古自治区
STN_土门子,武威市,甘肃省
STN_圣浪,伊春市,黑龙江省
STN_圩洋所,盐城市,江苏省
STN_地窝铺,乌鲁木齐市,新疆维吾尔自治区
STN_坂尾,龙岩市,福建省
STN_坂田,深圳市,广东省
STN_坊塘铺,宝鸡市,陕西省
STN_坝梁,包头市,内蒙古自治区
STN_坡底下,兰州市,甘肃省
STN_坡底村,渭南市,陕西省
STN_坦途,白城市,吉林省
STN_坪上,临沂市,山东省
STN_坪头,宝鸡市,陕西省
STN_坪石,韶关市,广东省
STN_垫江,重庆市,重庆市
STN_垭口,攀枝花市,四川省
STN_埃岱,凉山彝族自治州,四川省
STN_城固,汉中市,陕西省
STN_城固北,汉中市,陕西省
STN_城子坦,大连市,辽宁省
STN_城子坦东,大连市,辽宁省
STN_城西,海口市,海南省
STN_城阳,青岛市,山东省
STN_埠西头,烟台市,山东省
STN_基太,龙岩市,福建省
STN_堂邑,聊城市,山东省
STN_堡子湾,大同市,山西省
STN_堡石图,四平市,吉林省
STN_塔前,景德镇市,江西省
STN_塔哈,齐齐哈尔市,黑龙江省
STN_塔城,塔城地区,新疆维吾尔自治区
STN_塔尔根,大兴安岭地区,黑龙江省
STN_塔尔气,呼伦贝尔市,内蒙古自治区
STN_塔山,葫芦岛市,辽宁省
STN_塔崖驿,保定市,河北省
STN_塔拉哈尔,阿拉善盟,内蒙古自治区
STN_塔河,大兴安岭地区,黑龙江省
STN_塔源,大兴安岭地区,黑龙江省
STN_塘厦所,东莞市,广东省
STN_塘口,湛江市,广东省
STN_塘库,柳州市,广西壮族自治区
STN_塘沽,天津市,天津市
STN_塘豹,怀化市,湖南省
STN_塘雅,金华市,浙江省
STN_塘雅所,金华市,浙江省
STN_塞什腾山,海西蒙古族藏族自治州,青海省
STN_增城,广州市,广东省
STN_增城西,广州市,广东省
STN_墨冲,黔南布依族苗族自治州,贵州省
STN_墨江,普洱市,云南省
STN_墨池坝,资阳市,四川省
STN_墨玉,和田地区,新疆维吾尔自治区
STN_墩义堂,六安市,安徽省
STN_壮志,大庆市,黑龙江省
STN_壶镇,丽水市,浙江省
STN_复盛,重庆市,重庆市
STN_夏坝,重庆市,重庆市
STN_夏官营,兰州市,甘肃省
STN_夏官营客所,兰州市,甘肃省
STN_夏家河,大连市,辽宁省
STN_夏拉哈马,锡林郭勒盟,内蒙古自治区
STN_夏格庄,青岛市,山东省
STN_夏石,崇左市,广西壮族自治区
STN_夏茂,三明市,福建省
STN_夏邑县,商丘市,河南省
STN_夏集,南阳市,河南省
STN_外洋,南平市,福建省
STN_多尔本毛道,阿拉善盟,内蒙古自治区
STN_大东,白山市,吉林省
STN_大丰,株洲市,湖南省
STN_大乌苏,大兴安岭地区,黑龙江省
STN_大仓,大理白族自治州,云南省
STN_大余,赣州市,江西省
STN_大保当,榆林市,陕西省
STN_大元,南宁市,广西壮族自治区
STN_大关,昭通市,云南省
STN_大兴,齐齐哈尔市,黑龙江省
STN_大兴机场,廊坊市,河北省
STN_大兴沟,延边朝鲜族自治州,吉林省
STN_大兴镇,辽源市,吉林省
STN_大冶北,黄石市,湖北省
STN_大刘家,大连市,辽宁省
STN_大厂,廊坊市,河北省
STN_大厂县,廊坊市,河北省
STN_大口屯,天津市,天津市
STN_大口钦,吉林市,吉林省
STN_大同,大同市,山西省
STN_大同东,大同市,山西省
STN_大同南,大同市,山西省
STN_大土山,四平市,吉林省
STN_大坝,吴忠市,宁夏回族自治区
STN_大埔,梅州市,广东省
STN_大堡,丹东市,辽宁省
STN_大头羊,海西蒙古族藏族自治州,青海省
STN_大孤山,丹东市,辽宁省
STN_大安,白城市,吉林省
STN_大安北,白城市,吉林省
STN_大安西,白城市,吉林省
STN_大宗坪,铜仁市,贵州省
STN_大官屯,抚顺市,辽宁省
STN_大屯,长春市,吉林省
STN_大山铺,自贡市,四川省
STN_大岗,抚州市,江西省
STN_大岭,柳州市,广西壮族自治区
STN_大岭铺,安康市,陕西省
STN_大平房,朝阳市,辽宁省
STN_大庆,大庆市,黑龙江省
STN_大庆东,大庆市,黑龙江省
STN_大庆西,大庆市,黑龙江省
STN_大庙屯所,济南市,山东省
STN_大徐屯,葫芦岛市,辽宁省
STN_大成,沈阳市,辽宁省
STN_大战场,中卫市,宁夏回族自治区
STN_大扬气,呼伦贝尔市,内蒙古自治区
STN_大拟,南宁市,广西壮族自治区
STN_大方,毕节市,贵州省
STN_大方南,毕节市,贵州省
STN_大旺,肇庆市,广东省
STN_大昆仑,淄博市,山东省
STN_大明湖,济南市,山东省
STN_大朗镇,东莞市,广东省
STN_大木头沟,赤峰市,内蒙古自治区
STN_大杖子,承德市,河北省
STN_大杨树,呼伦贝尔市,内蒙古自治区
STN_大杨树东,呼伦贝尔市,内蒙古自治区
STN_大板,赤峰市,内蒙古自治区
STN_大板东,赤峰市,内蒙古自治区
STN_大林,通辽市,内蒙古自治区
STN_大柴旦,海西蒙古族藏族自治州,青海省
STN_大树村,楚雄彝族自治州,云南省
STN_大树湾,鄂尔多斯市,内蒙古自治区
STN_大桥,延边朝鲜族自治州,吉林省
STN_大梨树,吉林市,吉林省
STN_大武口,石嘴山市,宁夏回族自治区
STN_大民屯,齐齐哈尔市,黑龙江省
STN_大河坝,遵义市,贵州省
STN_大河沿,吐鲁番市,新疆维吾尔自治区
STN_大沽河所,青岛市,山东省
STN_大洋,杭州市,浙江省
STN_大洋洲,吉安市,江西省
STN_大涧,大同市,山西省
STN_大深,龙岩市,福建省
STN_大港,青岛市,山东省
STN_大港南,镇江市,江苏省
STN_大湖,徐州市,江苏省
STN_大湾子,楚雄彝族自治州,云南省
STN_大源,广州市,广东省
STN_大滩,广元市,四川省
STN_大漠刘所,济南市,山东省
STN_大灰厂,北京市,北京市
STN_大牛地,鄂尔多斯市,内蒙古自治区
STN_大王庄所,济宁市,山东省
STN_大王滩,南宁市,广西壮族自治区
STN_大理,大理白族自治州,云南省
STN_大理东,大理白族自治州,云南省
STN_大理北,大理白族自治州,云南省
STN_大田,广州市,广东省
STN_大田北,三明市,福建省
STN_大田边,曲靖市,云南省
STN_大甸,葫芦岛市,辽宁省
STN_大盘石,保定市,河北省
STN_大石东,广州市,广东省
STN_大石头,延边朝鲜族自治州,吉林省
STN_大石头南,延边朝鲜族自治州,吉林省
STN_大石寨,兴安盟,内蒙古自治区
STN_大石桥,营口市,辽宁省
STN_大磴沟,石嘴山市,宁夏回族自治区
STN_大福,仙桃市,湖北省
STN_大竹园,安康市,陕西省
STN_大红旗,沈阳市,辽宁省
STN_大罕,通辽市,内蒙古自治区
STN_大英,遂宁市,四川省
STN_大英东,遂宁市,四川省
STN_大苴,楚雄彝族自治州,云南省
STN_大荒地,葫芦岛市,辽宁省
STN_大荔,渭南市,陕西省
STN_大荔北,渭南市,陕西省
STN_大营,忻州市,山西省
STN_大营镇,衡水市,河北省
STN_大虎山,锦州市,辽宁省
STN_大西,七台河市,黑龙江省
STN_大足,重庆市,重庆市
STN_大足南,重庆市,重庆市
STN_大路辛庄所,朔州市,山西省
STN_大辛庄,长治市,山西省
STN_大连,大连市,辽宁省
STN_大连北,大连市,辽宁省
STN_大连西,大连市,辽宁省
STN_大通西,西宁市,青海省
STN_大邑,成都市,四川省
STN_大郑,大连市,辽宁省
STN_大郑庄所,济南市,山东省
STN_大阳,本溪市,辽宁省
STN_大陆,鹤岗市,黑龙江省
STN_大陆号,乌兰察布市,内蒙古自治区
STN_大雁,呼伦贝尔市,内蒙古自治区
STN_大雅河,本溪市,辽宁省
STN_大青沟,通辽市,内蒙古自治区
STN_天义,赤峰市,内蒙古自治区
STN_天台山,台州市,浙江省
STN_天回镇,成都市,四川省
STN_天岗,吉林市,吉林省
STN_天峻,海西蒙古族藏族自治州,青海省
STN_天府,成都市,四川省
STN_天府机场,成都市,四川省
STN_天德泉,四平市,吉林省
STN_天柱山,安庆市,安徽省
STN_天桥,丹东市,辽宁省
STN_天桥岭,延边朝鲜族自治州,吉林省
STN_天桥沟,丹东市,辽宁省
STN_天水,天水市,甘肃省
STN_天水南,天水市,甘肃省
STN_天河东,广州市,广东省
STN_天河机场,武汉市,湖北省
STN_天河潭,贵阳市,贵州省
STN_天河街,武汉市,湖北省
STN_天津,天津市,天津市
STN_天津北,天津市,天津市
STN_天津南,天津市,天津市
STN_天津西,天津市,天津市
STN_天涯,三亚市,海南省
STN_天涯所,三亚市,海南省
STN_天涯海角,三亚市,海南省
STN_天祝,武威市,甘肃省
STN_天祝西,武威市,甘肃省
STN_天西,崇左市,广西壮族自治区
STN_天镇,大同市,山西省
STN_天门,天门市,湖北省
STN_天门北,天门市,湖北省
STN_天门南,天门市,湖北省
STN_天鹅湖,阿拉善盟,内蒙古自治区
STN_天龙,安顺市,贵州省
STN_太仓,苏州市,江苏省
STN_太仓南,苏州市,江苏省
STN_太公,广元市,四川省
STN_太原,太原市,山西省
STN_太原东,太原市,山西省
STN_太原北,太原市,山西省
STN_太原南,太原市,山西省
STN_太和,眉山市,四川省
STN_太和东,阜阳市,安徽省
STN_太和北,阜阳市,安徽省
STN_太善村所,朔州市,山西省
STN_太姥山,宁德市,福建省
STN_太子城,张家口市,河北省
STN_太子河,辽阳市,辽宁省
STN_太山所,衡阳市,湖南省
STN_太平岭,延边朝鲜族自治州,吉林省
STN_太平川,松原市,吉林省
STN_太平桥,哈尔滨市,黑龙江省
STN_太平镇,双鸭山市,黑龙江省
STN_太湖,安庆市,安徽省
STN_太湖南,安庆市,安徽省
STN_太白,遵义市,贵州省
STN_太谷,晋中市,山西省
STN_太谷东,晋中市,山西省
STN_太谷西,晋中市,山西省
STN_太阳升,大庆市,黑龙江省
STN_太阳山,吴忠市,宁夏回族自治区
STN_太阳村,柳州市,广西壮族自治区
STN_太阳沟,大兴安岭地区,黑龙江省
STN_头道桥,巴彦淖尔市,内蒙古自治区
STN_头道水,临沧市,云南省
STN_头道河所,吐鲁番市,新疆维吾尔自治区
STN_头门港,台州市,浙江省
STN_夹心子,大连市,辽宁省
STN_夹江,乐山市,四川省
STN_夹河寨,徐州市,江苏省
STN_奇峰塔,保定市,河北省
STN_奈曼,通辽市,内蒙古自治区
STN_奈林皋,朝阳市,辽宁省
STN_奉化,宁波市,浙江省
STN_奉节,重庆市,重庆市
STN_奎屯,伊犁哈萨克自治州,新疆维吾尔自治区
STN_奎山,牡丹江市,黑龙江省
STN_女儿河,锦州市,辽宁省
STN_好力套高,兴安盟,内蒙古自治区
STN_好鲁库,赤峰市,内蒙古自治区
STN_如东,南通市,江苏省
STN_如皋,南通市,江苏省
STN_如皋南,南通市,江苏省
STN_妙西镇所,湖州市,浙江省
STN_始兴,韶关市,广东省
STN_姑家堡,乌兰察布市,内蒙古自治区
STN_姚千户屯,沈阳市,辽宁省
STN_姚安,楚雄彝族自治州,云南省
STN_姚家,长春市,吉林省
STN_姚家洲,萍乡市,江西省
STN_姚家窝堡所,沈阳市,辽宁省
STN_姚渡,广元市,四川省
STN_姜堰,泰州市,江苏省
STN_姜家,绥化市,黑龙江省
STN_姜家窝铺所,朝阳市,辽宁省
STN_威信,昭通市,云南省
STN_威宁,本溪市,辽宁省
STN_威岭,伊春市,黑龙江省
STN_威海,威海市,山东省
STN_威海北,威海市,山东省
STN_威海南海,威海市,山东省
STN_威箐,六盘水市,贵州省
STN_威舍,黔西南布依族苗族自治州,贵州省
STN_威虎岭北,延边朝鲜族自治州,吉林省
STN_威远,内江市,四川省
STN_娄山关,遵义市,贵州省
STN_娄山关南,遵义市,贵州省
STN_娄底,娄底市,湖南省
STN_娄底南,娄底市,湖南省
STN_娄烦,太原市,山西省
STN_娘娘庙,宝鸡市,陕西省
STN_娘子关,阳泉市,山西省
STN_婺源,上饶市,江西省
STN_嫩江,黑河市,黑龙江省
STN_子洲,榆林市,陕西省
STN_子长,延安市,陕西省
STN_孔垄,黄冈市,湖北省
STN_孔家庄,张家口市,河北省
STN_孔家沟,葫芦岛市,辽宁省
STN_孔庄,晋城市,山西省
STN_孔滩,宜宾市,四川省
STN_孙吴,黑河市,黑龙江省
STN_孙家,哈尔滨市,黑龙江省
STN_孙家沟所,朝阳市,辽宁省
STN_孙镇,渭南市,陕西省
STN_孝南,吕梁市,山西省
STN_孝感,孝感市,湖北省
STN_孝感东,孝感市,湖北省
STN_孝感北,孝感市,湖北省
STN_孝西,吕梁市,山西省
STN_孟关,贵阳市,贵州省
STN_孟塬,渭南市,陕西省
STN_孟家岗,佳木斯市,黑龙江省
STN_孟庄,郑州市,河南省
STN_孟庙,漯河市,河南省
STN_孟津,洛阳市,河南省
STN_孟赛,,
STN_孟阿,,
STN_孤家子,沈阳市,辽宁省
STN_孤山,大同市,山西省
STN_孤山口,北京市,北京市
STN_孤山子,赤峰市,内蒙古自治区
STN_孤山川,榆林市,陕西省
STN_孤店子,吉林市,吉林省
STN_学庄,黔南布依族苗族自治州,贵州省
STN_宁东,银川市,宁夏回族自治区
STN_宁东南,银川市,宁夏回族自治区
STN_宁乡,长沙市,湖南省
STN_宁乡西,长沙市,湖南省
STN_宁化,三明市,福建省
STN_宁县,庆阳市,甘肃省
STN_宁国南,宣城市,安徽省
STN_宁城,赤峰市,内蒙古自治区
STN_宁安,牡丹江市,黑龙江省
STN_宁强,汉中市,陕西省
STN_宁强南,汉中市,陕西省
STN_宁德,宁德市,福建省
STN_宁明,崇左市,广西壮族自治区
STN_宁明东,崇左市,广西壮族自治区
STN_宁村,南宁市,广西壮族自治区
STN_宁武,忻州市,山西省
STN_宁波,宁波市,浙江省
STN_宁波东,宁波市,浙江省
STN_宁洱,普洱市,云南省
STN_宁海,宁波市,浙江省
STN_宁都,赣州市,江西省
STN_宁陵县,商丘市,河南省
STN_宇宙地,赤峰市,内蒙古自治区
STN_安亭北,上海市,上海市
STN_安亭西,上海市,上海市
STN_安仁,郴州市,湖南省
STN_安化,益阳市,湖南省
STN_安北,酒泉市,甘肃省
STN_安匠,承德市,河北省
STN_安口南,平凉市,甘肃省
STN_安口窑,平凉市,甘肃省
STN_安吉,湖州市,浙江省
STN_安图,延边朝鲜族自治州,吉林省
STN_安图西,延边朝鲜族自治州,吉林省
STN_安塘,忻州市,山西省
STN_安多,那曲市,西藏自治区
STN_安定,北京市,北京市
STN_安家,哈尔滨市,黑龙江省
STN_安富镇,重庆市,重庆市
STN_安州,德阳市,四川省
STN_安平,辽阳市,辽宁省
STN_安广,白城市,吉林省
STN_安庆,安庆市,安徽省
STN_安庆沟,赤峰市,内蒙古自治区
STN_安庆西,安庆市,安徽省
STN_安康,安康市,陕西省
STN_安康东,安康市,陕西省
STN_安德,成都市,四川省
STN_安次,廊坊市,河北省
STN_安江东,怀化市,湖南省
STN_安泽,临汾市,山西省
STN_安溪东,泉州市,福建省
STN_安达,绥化市,黑龙江省
STN_安阳,安阳市,河南省
STN_安阳东,安阳市,河南省
STN_安陆,孝感市,湖北省
STN_安陆西,孝感市,湖北省
STN_安靖,成都市,四川省
STN_安顺,安顺市,贵州省
STN_安顺西,安顺市,贵州省
STN_安龙,黔西南布依族苗族自治州,贵州省
STN_宋,绥化市,黑龙江省
STN_宋城路,开封市,河南省
STN_完工,呼伦贝尔市,内蒙古自治区
STN_宏克力,哈尔滨市,黑龙江省
STN_宏图,大兴安岭地区,黑龙江省
STN_宏庆,陇南市,甘肃省
STN_官厅,张家口市,河北省
STN_官厅西,张家口市,河北省
STN_官字井,松原市,吉林省
STN_官家,丹东市,辽宁省
STN_官桥北,广州市,广东省
STN_官高,北京市,北京市
STN_定南,赣州市,江西省
STN_定南南,赣州市,江西省
STN_定家沟所,兰州市,甘肃省
STN_定州,保定市,河北省
STN_定州东,保定市,河北省
STN_定江所,桂林市,广西壮族自治区
STN_定襄,忻州市,山西省
STN_定西,定西市,甘肃省
STN_定西北,定西市,甘肃省
STN_定边,榆林市,陕西省
STN_定远,滁州市,安徽省
STN_定远东,滁州市,安徽省
STN_定陶,菏泽市,山东省
STN_宜兴,无锡市,江苏省
STN_宜君,铜川市,陕西省
STN_宜城,襄阳市,湖北省
STN_宜城南,襄阳市,湖北省
STN_宜宾,宜宾市,四川省
STN_宜宾东,宜宾市,四川省
STN_宜宾南,宜宾市,四川省
STN_宜宾西,宜宾市,四川省
STN_宜州,河池市,广西壮族自治区
STN_宜昌,宜昌市,湖北省
STN_宜昌东,宜昌市,湖北省
STN_宜昌北,宜昌市,湖北省
STN_宜春,宜春市,江西省
STN_宜耐,昆明市,云南省
STN_宜良北,昆明市,云南省
STN_宝丰,平顶山市,河南省
STN_宝丰所,平顶山市,河南省
STN_宝华山,镇江市,江苏省
STN_宝坻,天津市,天津市
STN_宝坻北,天津市,天津市
STN_宝坻南,天津市,天津市
STN_宝山,通化市,吉林省
STN_宝峰,昆明市,云南省
STN_宝应,扬州市,江苏省
STN_宝拉格,乌兰察布市,内蒙古自治区
STN_宝日格,锡林郭勒盟,内蒙古自治区
STN_宝木吐,赤峰市,内蒙古自治区
STN_宝林,牡丹江市,黑龙江省
STN_宝泉岭,鹤岗市,黑龙江省
STN_宝清,双鸭山市,黑龙江省
STN_宝老山,黔东南苗族侗族自治州,贵州省
STN_宝镜,辽阳市,辽宁省
STN_宝鸡,宝鸡市,陕西省
STN_宝鸡南,宝鸡市,陕西省
STN_宝龙山,通辽市,内蒙古自治区
STN_宣化,张家口市,河北省
STN_宣化北,张家口市,河北省
STN_宣和,中卫市,宁夏回族自治区
STN_宣城,宣城市,安徽省
STN_宣威,曲靖市,云南省
STN_宣家沟,朝阳市,辽宁省
STN_宣汉,达州市,四川省
STN_容县,玉林市,广西壮族自治区
STN_容桂,佛山市,广东省
STN_宽沟,牡丹江市,黑龙江省
STN_宽甸,丹东市,辽宁省
STN_宾州,哈尔滨市,黑龙江省
STN_宾西北,哈尔滨市,黑龙江省
STN_宾阳,南宁市,广西壮族自治区
STN_宿州,宿州市,安徽省
STN_宿州东,宿州市,安徽省
STN_宿松,安庆市,安徽省
STN_宿松东,安庆市,安徽省
STN_宿迁,宿迁市,江苏省
STN_密云,北京市,北京市
STN_密云北,北京市,北京市
STN_密地,攀枝花市,四川省
STN_密山,鸡西市,黑龙江省
STN_密山西,鸡西市,黑龙江省
STN_富县,延安市,陕西省
STN_富县东,延安市,陕西省
STN_富县北,延安市,陕西省
STN_富宁,文山壮族苗族自治州,云南省
STN_富川,贺州市,广西壮族自治区
STN_富平,渭南市,陕西省
STN_富平南,渭南市,陕西省
STN_富庄子,唐山市,河北省
STN_富拉尔基,齐齐哈尔市,黑龙江省
STN_富江镇,牡丹江市,黑龙江省
STN_富海,齐齐哈尔市,黑龙江省
STN_富源,曲靖市,云南省
STN_富源北,曲靖市,云南省
STN_富蕴,阿勒泰地区,新疆维吾尔自治区
STN_富裕,齐齐哈尔市,黑龙江省
STN_富锦,佳木斯市,黑龙江省
STN_富阳,杭州市,浙江省
STN_富阳西,杭州市,浙江省
STN_富顺,自贡市,四川省
STN_寒岭,辽阳市,辽宁省
STN_寒葱沟,佳木斯市,黑龙江省
STN_察尔汗,海西蒙古族藏族自治州,青海省
STN_察汗诺,海西蒙古族藏族自治州,青海省
STN_察素齐,呼和浩特市,内蒙古自治区
STN_寨隆,柳州市,广西壮族自治区
STN_寮步,东莞市,广东省
STN_寸滩所,重庆市,重庆市
STN_对青山,哈尔滨市,黑龙江省
STN_寺后所,开封市,河南省
STN_寿县,淮南市,安徽省
STN_寿阳,晋中市,山西省
STN_封丘,安阳市,河南省
STN_封浜,上海市,上海市
STN_射阳,盐城市,江苏省
STN_将乐,三明市,福建省
STN_尉犁,巴音郭楞蒙古自治州,新疆维吾尔自治区
STN_小东,锦州市,辽宁省
STN_小中甸,迪庆藏族自治州,云南省
STN_小儿坪,昭通市,云南省
STN_小关溪,昭通市,云南省
STN_小北山所,济宁市,山东省
STN_小南垭,重庆市,重庆市
STN_小南海,重庆市,重庆市
STN_小哨,昆明市,云南省
STN_小喜村,昆明市,云南省
STN_小团山所,昆明市,云南省
STN_小姑家,吉林市,吉林省
STN_小宋,长治市,山西省
STN_小寺沟,承德市,河北省
STN_小屯街,平顶山市,河南省
STN_小岭,哈尔滨市,黑龙江省
STN_小市,本溪市,辽宁省
STN_小平房,朝阳市,辽宁省
STN_小得江,曲靖市,云南省
STN_小扬气,呼伦贝尔市,内蒙古自治区
STN_小新街,昆明市,云南省
STN_小月旧,楚雄彝族自治州,云南省
STN_小村,楚雄彝族自治州,云南省
STN_小林,随州市,湖北省
STN_小柴旦,海西蒙古族藏族自治州,青海省
STN_小梁庄,阜阳市,安徽省
STN_小榄,中山市,广东省
STN_小榆树,齐齐哈尔市,黑龙江省
STN_小池口,黄冈市,湖北省
STN_小河沿,赤峰市,内蒙古自治区
STN_小河镇,安康市,陕西省
STN_小海口,昆明市,云南省
STN_小湾东,大理白族自治州,云南省
STN_小白,伊春市,黑龙江省
STN_小碧所,贵阳市,贵州省
STN_小舟,泉州市,福建省
STN_小花果,十堰市,湖北省
STN_小董,钦州市,广西壮族自治区
STN_小西庄,保定市,河北省
STN_小金口,惠州市,广东省
STN_小雨谷,六盘水市,贵州省
STN_小高,凉山彝族自治州,四川省
STN_小黑山,呼伦贝尔市,内蒙古自治区
STN_尔赛河,凉山彝族自治州,四川省
STN_尖山,长沙市,湖南省
STN_尖峰,乐东黎族自治县,海南省
STN_尖峰北,乐东黎族自治县,海南省
STN_尚家,绥化市,黑龙江省
STN_尚志,哈尔滨市,黑龙江省
STN_尚志南,哈尔滨市,黑龙江省
STN_尤溪,三明市,福建省
STN_尹地,楚雄彝族自治州,云南省
STN_尼勒克,伊犁哈萨克自治州,新疆维吾尔自治区
STN_尼日,凉山彝族自治州,四川省
STN_尼木,拉萨市,西藏自治区
STN_尼波,凉山彝族自治州,四川省
STN_屏南,宁德市,福建省
STN_屏山,宜宾市,四川省
STN_屏边,红河哈尼族彝族自治州,云南省
STN_山丹,张掖市,甘肃省
STN_山丹马场,张掖市,甘肃省
STN_山南,山南市,西藏自治区
STN_山口,哈密市,新疆维吾尔自治区
STN_山坡东,武汉市,湖北省
STN_山城镇,通化市,吉林省
STN_山市,牡丹江市,黑龙江省
STN_山河屯,哈尔滨市,黑龙江省
STN_山海关,秦皇岛市,河北省
STN_山湾子,赤峰市,内蒙古自治区
STN_山阳,商洛市,陕西省
STN_山阴,朔州市,山西省
STN_山阴南,朔州市,山西省
STN_岐山,宝鸡市,陕西省
STN_岑村,广州市,广东省
STN_岑溪,梧州市,广西壮族自治区
STN_岔江,,
STN_岔河,昭通市,云南省
STN_岗上所,忻州市,山西省
STN_岗嘎,林芝市,西藏自治区
STN_岚县,吕梁市,山西省
STN_岚山西,日照市,山东省
STN_岢岚,忻州市,山西省
STN_岩会,阳泉市,山西省
STN_岩山,呼伦贝尔市,内蒙古自治区
STN_岫岩,鞍山市,辽宁省
STN_岭北,呼伦贝尔市,内蒙古自治区
STN_岭南,呼伦贝尔市,内蒙古自治区
STN_岱岳,朔州市,山西省
STN_岳东村所,苏州市,江苏省
STN_岳池,广安市,四川省
STN_岳阳,岳阳市,湖南省
STN_岳阳东,岳阳市,湖南省
STN_岳阳南,岳阳市,湖南省
STN_岷县,定西市,甘肃省
STN_峙滩,景德镇市,江西省
STN_峡江,吉安市,江西省
STN_峦城,南宁市,广西壮族自治区
STN_峨山,玉溪市,云南省
STN_峨眉,乐山市,四川省
STN_峨眉山,乐山市,四川省
STN_峨边,乐山市,四川省
STN_峨边南,乐山市,四川省
STN_峰洞,黔南布依族苗族自治州,贵州省
STN_峰高铺,重庆市,重庆市
STN_峻德,鹤岗市,黑龙江省
STN_崇仁,抚州市,江西省
STN_崇信,平凉市,甘肃省
STN_崇州,成都市,四川省
STN_崇左,崇左市,广西壮族自治区
STN_崇左南,崇左市,广西壮族自治区
STN_崇礼,张家口市,河北省
STN_崔家营子,长春市,吉林省
STN_崔马庄所,济南市,山东省
STN_崔黄口,天津市,天津市
STN_崖州,三亚市,海南省
STN_崖州湾,三亚市,海南省
STN_崖州西,三亚市,海南省
STN_嵊州北,绍兴市,浙江省
STN_嵊州新昌,绍兴市,浙江省
STN_嵩明,昆明市,云南省
STN_嵯岗,呼伦贝尔市,内蒙古自治区
STN_巍山,大理白族自治州,云南省
STN_巢北,合肥市,安徽省
STN_巢湖,合肥市,安徽省
STN_巢湖东,合肥市,安徽省
STN_工农湖,松原市,吉林省
STN_左家,吉林市,吉林省
STN_左岭,武汉市,湖北省
STN_左权,晋中市,山西省
STN_左港,抚州市,江西省
STN_巨亭,汉中市,陕西省
STN_巨宝,白城市,吉林省
STN_巨野,菏泽市,山东省
STN_巨野北,菏泽市,山东省
STN_巩义,郑州市,河南省
STN_巩义南,郑州市,河南省
STN_巫山,重庆市,重庆市
STN_巴东,恩施土家族苗族自治州,湖北省
STN_巴中,巴中市,四川省
STN_巴中东,巴中市,四川省
STN_巴中西,巴中市,四川省
STN_巴南,重庆市,重庆市
STN_巴图塔,鄂尔多斯市,内蒙古自治区
STN_巴图营,朝阳市,辽宁省
STN_巴山,汉中市,陕西省
STN_巴彦淖尔,巴彦淖尔市,内蒙古自治区
STN_巴彦郭勒,锡林郭勒盟,内蒙古自治区
STN_巴彦高勒,鄂尔多斯市,内蒙古自治区
STN_巴日图,呼伦贝尔市,内蒙古自治区
STN_巴林,呼伦贝尔市,内蒙古自治区
STN_巴楚,喀什地区,新疆维吾尔自治区
STN_巴河所,黄冈市,湖北省
STN_布列开,伊犁哈萨克自治州,新疆维吾尔自治区
STN_布敦化,兴安盟,内蒙古自治区
STN_布海,长春市,吉林省
STN_师宗,曲靖市,云南省
STN_师庄,凉山彝族自治州,四川省
STN_带岭,伊春市,黑龙江省
STN_常山,衢州市,浙江省
STN_常州,常州市,江苏省
STN_常州北,常州市,江苏省
STN_常平,东莞市,广东省
STN_常平东,东莞市,广东省
STN_常平南,东莞市,广东省
STN_常庄,济南市,山东省
STN_常德,常德市,湖南省
STN_常村,长治市,山西省
STN_常熟,苏州市,江苏省
STN_帽儿山,哈尔滨市,黑龙江省
STN_帽儿山西,哈尔滨市,黑龙江省
STN_帽峰山,广州市,广东省
STN_干塘,中卫市,宁夏回族自治区
STN_平东所,南通市,江苏省
STN_平关,六盘水市,贵州省
STN_平凉,平凉市,甘肃省
STN_平凉南,平凉市,甘肃省
STN_平南南,贵港市,广西壮族自治区
STN_平原,德州市,山东省
STN_平原东,德州市,山东省
STN_平原堡,张掖市,甘肃省
STN_平台,白城市,吉林省
STN_平坊,承德市,河北省
STN_平坝,安顺市,贵州省
STN_平坝南,安顺市,贵州省
STN_平型关,大同市,山西省
STN_平安,吉林市,吉林省
STN_平安驿,海东市,青海省
STN_平定,阳泉市,山西省
STN_平山,哈尔滨市,黑龙江省
STN_平岗,辽源市,吉林省
STN_平峪,北京市,北京市
STN_平川西,白银市,甘肃省
STN_平庄,赤峰市,内蒙古自治区
STN_平庄北,赤峰市,内蒙古自治区
STN_平庄南,赤峰市,内蒙古自治区
STN_平度,青岛市,山东省
STN_平度西,青岛市,山东省
STN_平房,哈尔滨市,黑龙江省
STN_平旺,大同市,山西省
STN_平昌,巴中市,四川省
STN_平林村,百色市,广西壮族自治区
STN_平果,百色市,广西壮族自治区
STN_平江所,赣州市,江西省
STN_平河口,曲靖市,云南省
STN_平泉,承德市,河北省
STN_平泉北,承德市,河北省
STN_平洋,齐齐哈尔市,黑龙江省
STN_平湖,深圳市,广东省
STN_平湖南,深圳市,广东省
STN_平潭,福州市,福建省
STN_平田,六盘水市,贵州省
STN_平社,忻州市,山西省
STN_平等,重庆市,重庆市
STN_平箐所,六盘水市,贵州省
STN_平罗,石嘴山市,宁夏回族自治区
STN_平遥,晋中市,山西省
STN_平遥古城,晋中市,山西省
STN_平邑,临沂市,山东省
STN_平阳,温州市,浙江省
STN_平顶山,平顶山市,河南省
STN_平顶山西,平顶山市,河南省
STN_平顶庙,赤峰市,内蒙古自治区
STN_幸福所,河源市,广东省
STN_广元,广元市,四川省
STN_广元东,广元市,四川省
STN_广元南,广元市,四川省
STN_广南卫,昆明市,云南省
STN_广南县,文山壮族苗族自治州,云南省
STN_广卫村,昆明市,云南省
STN_广宁,肇庆市,广东省
STN_广宁寺,大连市,辽宁省
STN_广宁寺南,大连市,辽宁省
STN_广安,广安市,四川省
STN_广安南,广安市,四川省
STN_广安门,北京市,北京市
STN_广州,广州市,广东省
STN_广州东,广州市,广东省
STN_广州北,广州市,广东省
STN_广州南,广州市,广东省
STN_广州大学城,广州市,广东省
STN_广州新塘,广州市,广东省
STN_广州白云,广州市,广东省
STN_广州莲花山,广州市,广东省
STN_广州西,广州市,广东省
STN_广州长隆,广州市,广东省
STN_广平,邯郸市,河北省
STN_广德,宣城市,安徽省
STN_广德南,宣城市,安徽省
STN_广德号,承德市,河北省
STN_广水,随州市,湖北省
STN_广汉,德阳市,四川省
STN_广汉北,德阳市,四川省
STN_广盛,锦州市,辽宁省
STN_广通,楚雄彝族自治州,云南省
STN_广通北,楚雄彝族自治州,云南省
STN_广阳,廊坊市,河北省
STN_广顺场,重庆市,重庆市
STN_庄寨,菏泽市,山东省
STN_庄桥,宁波市,浙江省
STN_庄河,大连市,辽宁省
STN_庄河北,大连市,辽宁省
STN_庄里,渭南市,陕西省
STN_庆丰,松原市,吉林省
STN_庆元,丽水市,浙江省
STN_庆城,庆阳市,甘肃省
STN_庆安,绥化市,黑龙江省
STN_庆阳,庆阳市,甘肃省
STN_庐山,九江市,江西省
STN_庐江,合肥市,安徽省
STN_庐江南,合肥市,安徽省
STN_庐江西,合肥市,安徽省
STN_库伦,通辽市,内蒙古自治区
STN_库尔勒,巴音郭楞蒙古自治州,新疆维吾尔自治区
STN_库尔木依,巴音郭楞蒙古自治州,新疆维吾尔自治区
STN_库车,阿克苏地区,新疆维吾尔自治区
STN_库都尔,呼伦贝尔市,内蒙古自治区
STN_应县,朔州市,山西省
STN_应县西,朔州市,山西省
STN_应城,孝感市,湖北省
STN_庙下,平顶山市,河南省
STN_庙坝,重庆市,重庆市
STN_庙城,北京市,北京市
STN_庙子沟,成都市,四川省
STN_庙宫,承德市,河北省
STN_庙山,武汉市,湖北省
STN_庙山北所,武汉市,湖北省
STN_庙岭,延边朝鲜族自治州,吉林省
STN_庙庄,平凉市,甘肃省
STN_庙梁,乌兰察布市,内蒙古自治区
STN_庙阳,丹东市,辽宁省
STN_府谷,榆林市,陕西省
STN_庞家屯所,青岛市,山东省
STN_康城,邯郸市,河北省
STN_康山所,湖州市,浙江省
STN_康庄,北京市,北京市
STN_康熙岭,钦州市,广西壮族自治区
STN_康金井,哈尔滨市,黑龙江省
STN_廉江,湛江市,广东省
STN_廊坊,廊坊市,河北省
STN_廊坊北,廊坊市,河北省
STN_廊坊西,廊坊市,河北省
STN_延吉,延边朝鲜族自治州,吉林省
STN_延吉西,延边朝鲜族自治州,吉林省
STN_延安,延安市,陕西省
STN_延平,南平市,福建省
STN_延平东,南平市,福建省
STN_延平西,南平市,福建省
STN_延庆,北京市,北京市
STN_延津,新乡市,河南省
STN_建三江,佳木斯市,黑龙江省
STN_建北,葫芦岛市,辽宁省
STN_建始,恩施土家族苗族自治州,湖北省
STN_建宁南,三明市,福建省
STN_建宁县北,三明市,福建省
STN_建安,辽源市,吉林省
STN_建平,朝阳市,辽宁省
STN_建德,杭州市,浙江省
STN_建德南,杭州市,浙江省
STN_建昌,葫芦岛市,辽宁省
STN_建桥,梅州市,广东省
STN_建水,红河哈尼族彝族自治州,云南省
STN_建河,天水市,甘肃省
STN_建湖,盐城市,江苏省
STN_建瓯,南平市,福建省
STN_建瓯东,南平市,福建省
STN_建瓯西,南平市,福建省
STN_建设,白城市,吉林省
STN_建阳,南平市,福建省
STN_开化,衢州市,浙江省
STN_开原,铁岭市,辽宁省
STN_开原西,铁岭市,辽宁省
STN_开安,长春市,吉林省
STN_开封,开封市,河南省
STN_开封北,开封市,河南省
STN_开平南,江门市,广东省
STN_开江南,达州市,四川省
STN_开福寺,长沙市,湖南省
STN_开远南,红河哈尼族彝族自治州,云南省
STN_开道,哈尔滨市,黑龙江省
STN_开阳,贵阳市,贵州省
STN_开鲁,通辽市,内蒙古自治区
STN_弋阳,上饶市,江西省
STN_弓棚子,松原市,吉林省
STN_引镇,西安市,陕西省
STN_张三营,承德市,河北省
STN_张兰,晋中市,山西省
STN_张台子,辽阳市,辽宁省
STN_张家口,张家口市,河北省
STN_张家口南,张家口市,河北省
STN_张家堡,丹东市,辽宁省
STN_张家山,宜春市,江西省
STN_张家川,天水市,甘肃省
STN_张家港,苏州市,江苏省
STN_张家界,张家界市,湖南省
STN_张家界北,张家界市,湖南省
STN_张家界西,张家界市,湖南省
STN_张家祠,兰州市,甘肃省
STN_张巷,宜春市,江西省
STN_张掖,张掖市,甘肃省
STN_张掖西,张掖市,甘肃省
STN_张旗杆,合肥市,安徽省
STN_张桥,渭南市,陕西省
STN_张槎,佛山市,广东省
STN_张百湾,承德市,河北省
STN_张维屯,绥化市,黑龙江省
STN_张辛,北京市,北京市
STN_张郭,日照市,山东省
STN_张集,淮南市,安徽省
STN_弥勒,红河哈尼族彝族自治州,云南省
STN_弥勒东,红河哈尼族彝族自治州,云南省
STN_弥渡,大理白族自治州,云南省
STN_弯坵,攀枝花市,四川省
STN_弯道,黑河市,黑龙江省
STN_强家湾所,南充市,四川省
STN_归流河,兴安盟,内蒙古自治区
STN_当涂东,马鞍山市,安徽省
STN_当阳,宜昌市,湖北省
STN_当阳西,宜昌市,湖北省
STN_当雄,拉萨市,西藏自治区
STN_彝良,昭通市,云南省
STN_彝良南,昭通市,云南省
STN_彦吉嘎,锡林郭勒盟,内蒙古自治区
STN_彬州,咸阳市,陕西省
STN_彬州东,咸阳市,陕西省
STN_彬江,宜春市,江西省
STN_彭城,邯郸市,河北省
STN_彭山,眉山市,四川省
STN_彭山北,眉山市,四川省
STN_彭州,成都市,四川省
STN_彭州南,成都市,四川省
STN_彭水,重庆市,重庆市
STN_彭水西,重庆市,重庆市
STN_彭泽,九江市,江西省
STN_彭阳,固原市,宁夏回族自治区
STN_彰武,阜新市,辽宁省
STN_待王,焦作市,河南省
STN_徐家,哈尔滨市,黑龙江省
STN_徐家坪,汉中市,陕西省
STN_徐家店,烟台市,山东省
STN_徐州,徐州市,江苏省
STN_徐州东,徐州市,江苏省
STN_徐州东所,徐州市,江苏省
STN_徐水,保定市,河北省
STN_徐水东,保定市,河北省
STN_徐闻,湛江市,广东省
STN_得耳布尔,呼伦贝尔市,内蒙古自治区
STN_得胜台,铁岭市,辽宁省
STN_得莫利,哈尔滨市,黑龙江省
STN_徘徊北,邯郸市,河北省
STN_微子镇,长治市,山西省
STN_德仁,呼伦贝尔市,内蒙古自治区
STN_德令哈,海西蒙古族藏族自治州,青海省
STN_德伯斯,兴安盟,内蒙古自治区
STN_德保,百色市,广西壮族自治区
STN_德兴,上饶市,江西省
STN_德兴东,上饶市,江西省
STN_德化,泉州市,福建省
STN_德安,九江市,江西省
STN_德州,德州市,山东省
STN_德州东,德州市,山东省
STN_德惠,长春市,吉林省
STN_德惠西,长春市,吉林省
STN_德日斯图,锡林郭勒盟,内蒙古自治区
STN_德昌,凉山彝族自治州,四川省
STN_德昌西,凉山彝族自治州,四川省
STN_德清,湖州市,浙江省
STN_德清西,湖州市,浙江省
STN_德胜,河池市,广西壮族自治区
STN_德阳,德阳市,四川省
STN_徽县,陇南市,甘肃省
STN_忙罕屯,兴安盟,内蒙古自治区
STN_忠工屯,呼伦贝尔市,内蒙古自治区
STN_忻州,忻州市,山西省
STN_忻州西,忻州市,山西省
STN_忽吉图,包头市,内蒙古自治区
STN_怀仁,朔州市,山西省
STN_怀仁东,朔州市,山西省
STN_怀化,怀化市,湖南省
STN_怀化南,怀化市,湖南省
STN_怀化西,怀化市,湖南省
STN_怀宁,安庆市,安徽省
STN_怀安,张家口市,河北省
STN_怀来,张家口市,河北省
STN_怀柔,北京市,北京市
STN_怀柔北,北京市,北京市
STN_怀柔南,北京市,北京市
STN_怀集,肇庆市,广东省
STN_思濛,眉山市,四川省
STN_恒地营,齐齐哈尔市,黑龙江省
STN_恩平,江门市,广东省
STN_恩施,恩施土家族苗族自治州,湖北省
STN_恭城,桂林市,广西壮族自治区
STN_息县,信阳市,河南省
STN_息烽,贵阳市,贵州省
STN_恰尔巴格,喀什地区,新疆维吾尔自治区
STN_恰库尔图,阿勒泰地区,新疆维吾尔自治区
STN_悬钟,邯郸市,河北省
STN_惠东,惠州市,广东省
STN_惠东南,惠州市,广东省
STN_惠农,石嘴山市,宁夏回族自治区
STN_惠农南,石嘴山市,宁夏回族自治区
STN_惠安,泉州市,福建省
STN_惠安堡,吴忠市,宁夏回族自治区
STN_惠山,无锡市,江苏省
STN_惠州,惠州市,广东省
STN_惠州北,惠州市,广东省
STN_惠州南,惠州市,广东省
STN_惠州西,惠州市,广东省
STN_惠来,揭阳市,广东省
STN_惠环,惠州市,广东省
STN_惠阳,惠州市,广东省
STN_感德,泉州市,福建省
STN_慈利,张家界市,湖南省
STN_成吉思汗,呼伦贝尔市,内蒙古自治区
STN_成都,成都市,四川省
STN_成都东,成都市,四川省
STN_成都南,成都市,四川省
STN_成都西,成都市,四川省
STN_成高子,哈尔滨市,黑龙江省
STN_戚墅堰,常州市,江苏省
STN_房山东,北京市,北京市
STN_扎兰屯,呼伦贝尔市,内蒙古自治区
STN_扎囊,山南市,西藏自治区
STN_扎布其尔,锡林郭勒盟,内蒙古自治区
STN_扎罗木得,呼伦贝尔市,内蒙古自治区
STN_扎赉诺尔,呼伦贝尔市,内蒙古自治区
STN_扎赉诺尔西,呼伦贝尔市,内蒙古自治区
STN_扎音河,绥化市,黑龙江省
STN_扎鲁特,通辽市,内蒙古自治区
STN_打拉亥,包头市,内蒙古自治区
STN_打括,毕节市,贵州省
STN_打柴沟,武威市,甘肃省
STN_打羊,黔南布依族苗族自治州,贵州省
STN_托克托东,呼和浩特市,内蒙古自治区
STN_扬州,扬州市,江苏省
STN_扬州东,扬州市,江苏省
STN_扶余,松原市,吉林省
STN_扶余北,松原市,吉林省
STN_扶余西,松原市,吉林省
STN_扶沟南,周口市,河南省
STN_扶绥,崇左市,广西壮族自治区
STN_扶绥南,崇左市,广西壮族自治区
STN_承德,承德市,河北省
STN_承德东,承德市,河北省
STN_承德南,承德市,河北省
STN_承德县北,承德市,河北省
STN_承德西,承德市,河北省
STN_抚宁,秦皇岛市,河北省
STN_抚州,抚州市,江西省
STN_抚州东,抚州市,江西省
STN_抚州北,抚州市,江西省
STN_抚松,白山市,吉林省
STN_抚远,佳木斯市,黑龙江省
STN_抚顺,抚顺市,辽宁省
STN_拉古,牡丹江市,黑龙江省
STN_拉哈,齐齐哈尔市,黑龙江省
STN_拉市海,丽江市,云南省
STN_拉拉屯,盘锦市,辽宁省
STN_拉林,哈尔滨市,黑龙江省
STN_拉法,吉林市,吉林省
STN_拉白,凉山彝族自治州,四川省
STN_拉萨,拉萨市,西藏自治区
STN_拉鲊,攀枝花市,四川省
STN_拓石,天水市,甘肃省
STN_招柏,大同市,山西省
STN_招远,烟台市,山东省
STN_挖色,大理白族自治州,云南省
STN_捏掌,焦作市,河南省
STN_捞刀河,长沙市,湖南省
STN_换新天,佳木斯市,黑龙江省
STN_揭阳,揭阳市,广东省
STN_揭阳南,揭阳市,广东省
STN_揭阳机场,揭阳市,广东省
STN_播明,忻州市,山西省
STN_攀枝花,攀枝花市,四川省
STN_攀枝花南,攀枝花市,四川省
STN_支提山,宁德市,福建省
STN_攸县,株洲市,湖南省
STN_攸县南,株洲市,湖南省
STN_政和,南平市,福建省
STN_敖力布告,通辽市,内蒙古自治区
STN_敖包沟,鄂尔多斯市,内蒙古自治区
STN_敖头,牡丹江市,黑龙江省
STN_敖来,通辽市,内蒙古自治区
STN_敖汉,赤峰市,内蒙古自治区
STN_敦化,延边朝鲜族自治州,吉林省
STN_敦化南,延边朝鲜族自治州,吉林省
STN_敦煌,酒泉市,甘肃省
STN_敬梓场,宜宾市,四川省
STN_文地,玉林市,广西壮族自治区
STN_文安,廊坊市,河北省
STN_文庄村,新乡市,河南省
STN_文昌,文昌市,海南省
STN_文水,吕梁市,山西省
STN_文登,威海市,山东省
STN_文登东,威海市,山东省
STN_文登南,威海市,山东省
STN_斗沟子,牡丹江市,黑龙江省
STN_斜河涧,北京市,北京市
STN_新东孝,金华市,浙江省
STN_新丰镇,西安市,陕西省
STN_新乐,石家庄市,河北省
STN_新乡,新乡市,河南省
STN_新乡东,新乡市,河南省
STN_新乡南,新乡市,河南省
STN_新会,江门市,广东省
STN_新余,新余市,江西省
STN_新余北,新余市,江西省
STN_新保安,张家口市,河北省
STN_新兴南,云浮市,广东省
STN_新凉,凉山彝族自治州,四川省
STN_新化,娄底市,湖南省
STN_新化南,娄底市,湖南省
STN_新华,鹤岗市,黑龙江省
STN_新华屯,大庆市,黑龙江省
STN_新华西街所,巴彦淖尔市,内蒙古自治区
STN_新县,信阳市,河南省
STN_新友谊,双鸭山市,黑龙江省
STN_新和,阿克苏地区,新疆维吾尔自治区
STN_新园,沈阳市,辽宁省
STN_新固镇,邯郸市,河北省
STN_新场,遵义市,贵州省
STN_新场街,安康市,陕西省
STN_新坡,邯郸市,河北省
STN_新坪田,黔西南布依族苗族自治州,贵州省
STN_新城子,沈阳市,辽宁省
STN_新城川,榆林市,陕西省
STN_新塘南,广州市,广东省
STN_新塘村所,南宁市,广西壮族自治区
STN_新塘边,衢州市,浙江省
STN_新墩,武汉市,湖北省
STN_新天,呼伦贝尔市,内蒙古自治区
STN_新安,曲靖市,云南省
STN_新安县,洛阳市,河南省
STN_新安庄,乌兰察布市,内蒙古自治区
STN_新安江,杭州市,浙江省
STN_新宾,抚顺市,辽宁省
STN_新寒岭,辽阳市,辽宁省
STN_新寨所,贵阳市,贵州省
STN_新帐房,呼伦贝尔市,内蒙古自治区
STN_新干,吉安市,江西省
STN_新干东,吉安市,江西省
STN_新平坝,安顺市,贵州省
STN_新康,楚雄彝族自治州,云南省
STN_新开,盘锦市,辽宁省
STN_新彦,黑河市,黑龙江省
STN_新昌北,绍兴市,浙江省
STN_新晃,怀化市,湖南省
STN_新晃西,铜仁市,贵州省
STN_新李,平凉市,甘肃省
STN_新杖子,承德市,河北省
STN_新松浦,哈尔滨市,黑龙江省
STN_新林,大兴安岭地区,黑龙江省
STN_新桥,上海市,上海市
STN_新民,沈阳市,辽宁省
STN_新民北,沈阳市,辽宁省
STN_新民场,成都市,四川省
STN_新江,攀枝花市,四川省
STN_新沂,徐州市,江苏省
STN_新沂南,徐州市,江苏省
STN_新沂西,徐州市,江苏省
STN_新沟北所,孝感市,湖北省
STN_新河,徐州市,江苏省
STN_新泉,绥化市,黑龙江省
STN_新津,成都市,四川省
STN_新津南,成都市,四川省
STN_新甸,鞍山市,辽宁省
STN_新祺周,九江市,江西省
STN_新窝铺,赤峰市,内蒙古自治区
STN_新立屯,锦州市,辽宁省
STN_新立镇,长春市,吉林省
STN_新绛,运城市,山西省
STN_新绰源,呼伦贝尔市,内蒙古自治区
STN_新肇,大庆市,黑龙江省
STN_新街,鄂尔多斯市,内蒙古自治区
STN_新贤城,包头市,内蒙古自治区
STN_新邱,阜新市,辽宁省
STN_新郑,郑州市,河南省
STN_新郑机场,郑州市,河南省
STN_新都东,成都市,四川省
STN_新铁村,凉山彝族自治州,四川省
STN_新阳镇,天水市,甘肃省
STN_新集,汉中市,陕西省
STN_新青,伊春市,黑龙江省
STN_新香坊,哈尔滨市,黑龙江省
STN_新香坊北,哈尔滨市,黑龙江省
STN_新高峰,黑河市,黑龙江省
STN_新龙,广州市,广东省
STN_方城,南阳市,河南省
STN_方塘村所,金华市,浙江省
STN_方村所,衢州市,浙江省
STN_方正,哈尔滨市,黑龙江省
STN_施家嘴,昆明市,云南省
STN_施秉,黔东南苗族侗族自治州,贵州省
STN_旅顺,大连市,辽宁省
STN_旌德,宣城市,安徽省
STN_旌阳,德阳市,四川省
STN_旗下营,乌兰察布市,内蒙古自治区
STN_旗下营东,乌兰察布市,内蒙古自治区
STN_旗下营南,乌兰察布市,内蒙古自治区
STN_旗杆底,大连市,辽宁省
STN_无为,芜湖市,安徽省
STN_无为南,芜湖市,安徽省
STN_无锡,无锡市,江苏省
STN_无锡东,无锡市,江苏省
STN_无锡新区,无锡市,江苏省
STN_日喀则,日喀则市,西藏自治区
STN_日照,日照市,山东省
STN_日照西,日照市,山东省
STN_旧庄窝,张家口市,河北省
STN_早阳,安康市,陕西省
STN_旬阳,安康市,陕西省
STN_旬阳北,安康市,陕西省
STN_旺苍,广元市,四川省
STN_昂乃,通辽市,内蒙古自治区
STN_昂昂溪,齐齐哈尔市,黑龙江省
STN_昆山,苏州市,江苏省
STN_昆山南,苏州市,江苏省
STN_昆明,昆明市,云南省
STN_昆明东,昆明市,云南省
STN_昆明北,昆明市,云南省
STN_昆明南,昆明市,云南省
STN_昆明西,昆明市,云南省
STN_昆玉,昆玉市,新疆维吾尔自治区
STN_昆都仑召,包头市,内蒙古自治区
STN_昆都庙,通辽市,内蒙古自治区
STN_昆阳,昆明市,云南省
STN_昌乐,潍坊市,山东省
STN_昌图,铁岭市,辽宁省
STN_昌图西,铁岭市,辽宁省
STN_昌平,北京市,北京市
STN_昌平北,北京市,北京市
STN_昌邑,潍坊市,山东省
STN_昌黎,秦皇岛市,河北省
STN_明光,滁州市,安徽省
STN_明光西,滁州市,安徽省
STN_明城,吉林市,吉林省
STN_明安,巴彦淖尔市,内蒙古自治区
STN_明水河,兴安盟,内蒙古自治区
STN_明港,信阳市,河南省
STN_明港东,信阳市,河南省
STN_明溪,三明市,福建省
STN_明珠,珠海市,广东省
STN_明阳,大连市,辽宁省
STN_昔阳,晋中市,山西省
STN_星朗,黔南布依族苗族自治州,贵州省
STN_春亭阁,呼伦贝尔市,内蒙古自治区
STN_春申,上海市,上海市
STN_春申南所,上海市,上海市
STN_春申所,上海市,上海市
STN_春阳,延边朝鲜族自治州,吉林省
STN_昭化,广元市,四川省
STN_昭山,湘潭市,湖南省
STN_昭通,昭通市,云南省
STN_昭通北,昭通市,云南省
STN_昭通南,昭通市,云南省
STN_晋中,晋中市,山西省
STN_晋城,晋城市,山西省
STN_晋城东,晋城市,山西省
STN_晋城北,晋城市,山西省
STN_晋宁东,昆明市,云南省
STN_晋州,石家庄市,河北省
STN_晋江,泉州市,福建省
STN_晏城,德州市,山东省
STN_晏城北,德州市,山东省
STN_晏家坝,汉中市,陕西省
STN_晨明,伊春市,黑龙江省
STN_普兰店,大连市,辽宁省
STN_普兴,成都市,四川省
STN_普宁,揭阳市,广东省
STN_普安,武汉市,湖北省
STN_普安县,六盘水市,贵州省
STN_普定,安顺市,贵州省
STN_普家村所,昆明市,云南省
STN_普洱,普洱市,云南省
STN_普洱渡,昭通市,云南省
STN_普济,广元市,四川省
STN_普者黑,文山壮族苗族自治州,云南省
STN_普达,攀枝花市,四川省
STN_普雄,凉山彝族自治州,四川省
STN_景州,衡水市,河北省
STN_景德镇,景德镇市,江西省
STN_景德镇北,景德镇市,江西省
STN_景泰,白银市,甘肃省
STN_暖泉,银川市,宁夏回族自治区
STN_暮云,长沙市,湖南省
STN_曲子,庆阳市,甘肃省
STN_曲家店,铁岭市,辽宁省
STN_曲水县,拉萨市,西藏自治区
STN_曲江,红河哈尼族彝族自治州,云南省
STN_曲阜,济宁市,山东省
STN_曲阜东,济宁市,山东省
STN_曲阜南,济宁市,山东省
STN_曲靖,曲靖市,云南省
STN_曲靖北,曲靖市,云南省
STN_曹县,菏泽市,山东省
STN_曹妃甸东,唐山市,河北省
STN_曹妃甸北,唐山市,河北省
STN_曹妃甸港,唐山市,河北省
STN_曹子里,天津市,天津市
STN_曹家湾,六盘水市,贵州省
STN_曹家营子,赤峰市,内蒙古自治区
STN_曾口,巴中市,四川省
STN_曾家坪子,昭通市,云南省
STN_月亮田,六盘水市,贵州省
STN_月华,凉山彝族自治州,四川省
STN_月山,焦作市,河南省
STN_朋普,红河哈尼族彝族自治州,云南省
STN_朔州,朔州市,山西省
STN_朔州东,朔州市,山西省
STN_朔州西,朔州市,山西省
STN_朗乡,伊春市,黑龙江省
STN_朗县,林芝市,西藏自治区
STN_望山,锦州市,辽宁省
STN_望江,佳木斯市,黑龙江省
STN_望牛墩,东莞市,广东省
STN_望都,保定市,河北省
STN_朝中,呼伦贝尔市,内蒙古自治区
STN_朝原,呼伦贝尔市,内蒙古自治区
STN_朝天,广元市,四川省
STN_朝天南,广元市,四川省
STN_朝脑沟,鄂尔多斯市,内蒙古自治区
STN_朝阳南,朝阳市,辽宁省
STN_朝阳地,承德市,河北省
STN_朝阳川,延边朝鲜族自治州,吉林省
STN_朝阳村,呼伦贝尔市,内蒙古自治区
STN_朝阳湖,成都市,四川省
STN_朝阳镇,通化市,吉林省
STN_木头营子,赤峰市,内蒙古自治区
STN_木戛,六盘水市,贵州省
STN_木竹河,重庆市,重庆市
STN_木里图,通辽市,内蒙古自治区
STN_本井,阿拉善盟,内蒙古自治区
STN_本溪,本溪市,辽宁省
STN_本溪新城,本溪市,辽宁省
STN_本溪湖,本溪市,辽宁省
STN_朱保,临沂市,山东省
STN_朱嘎,毕节市,贵州省
STN_朱家沟,牡丹江市,黑龙江省
STN_朱家窑,兰州市,甘肃省
STN_朱日和,锡林郭勒盟,内蒙古自治区
STN_朱杨溪,重庆市,重庆市
STN_朱石寨,黔南布依族苗族自治州,贵州省
STN_朱砂古镇,铜仁市,贵州省
STN_朴树所,南昌市,江西省
STN_杉松岗,通化市,吉林省
STN_李冰广场,成都市,四川省
STN_李子沟,毕节市,贵州省
STN_李家,黑河市,黑龙江省
STN_李家坪,定西市,甘肃省
STN_李家屯,大连市,辽宁省
STN_李家湾,遵义市,贵州省
STN_李家营,承德市,河北省
STN_李市镇,内江市,四川省
STN_李旺,中卫市,宁夏回族自治区
STN_李朗所,深圳市,广东省
STN_李石寨,抚顺市,辽宁省
STN_李营所,北京市,北京市
STN_李金,锦州市,辽宁省
STN_杏林,厦门市,福建省
STN_杏树,七台河市,黑龙江省
STN_杏树屯,大连市,辽宁省
STN_杜坞,福州市,福建省
STN_杜家,哈尔滨市,黑龙江省
STN_杜家台,巴彦淖尔市,内蒙古自治区
STN_杜家坎所,北京市,北京市
STN_杜尔伯特,大庆市,黑龙江省
STN_杜尔基,兴安盟,内蒙古自治区
STN_杜拉尔,兴安盟,内蒙古自治区
STN_杜桥,台州市,浙江省
STN_杜科,淄博市,山东省
STN_来凤,恩施土家族苗族自治州,湖北省
STN_来宾,来宾市,广西壮族自治区
STN_来宾北,来宾市,广西壮族自治区
STN_杨各庄,唐山市,河北省
STN_杨家,黑河市,黑龙江省
STN_杨家口,唐山市,河北省
STN_杨家塝所,宜昌市,湖北省
STN_杨家岭,九江市,江西省
STN_杨家店,葫芦岛市,辽宁省
STN_杨家粉坊,长春市,吉林省
STN_杨家营,赤峰市,内蒙古自治区
STN_杨屋所,南宁市,广西壮族自治区
STN_杨岗,鸡西市,黑龙江省
STN_杨庄所,郑州市,河南省
STN_杨木,牡丹江市,黑龙江省
STN_杨村,天津市,天津市
STN_杨村桥所,杭州市,浙江省
STN_杨杖子,朝阳市,辽宁省
STN_杨林,昆明市,云南省
STN_杨柳青,天津市,天津市
STN_杨树岭,承德市,河北省
STN_杨树湾,葫芦岛市,辽宁省
STN_杨桥,邵阳市,湖南省
STN_杨源,三明市,福建省
STN_杨漩,乐山市,四川省
STN_杨陵,咸阳市,陕西省
STN_杨陵南,咸阳市,陕西省
STN_杭州,杭州市,浙江省
STN_杭州东,杭州市,浙江省
STN_杭州东所,杭州市,浙江省
STN_杭州南,杭州市,浙江省
STN_杭州西,杭州市,浙江省
STN_杭锦后旗,巴彦淖尔市,内蒙古自治区
STN_杭锦旗,鄂尔多斯市,内蒙古自治区
STN_松原,松原市,吉林省
STN_松原北,松原市,吉林省
STN_松坎,遵义市,贵州省
STN_松坝,遵义市,贵州省
STN_松山湖北,东莞市,广东省
STN_松岭,白山市,吉林省
STN_松树,大连市,辽宁省
STN_松树台,本溪市,辽宁省
STN_松树林,呼伦贝尔市,内蒙古自治区
STN_松树镇,白山市,吉林省
STN_松桃,铜仁市,贵州省
STN_松江镇,延边朝鲜族自治州,吉林省
STN_松河,六盘水市,贵州省
STN_松溪,南平市,福建省
STN_松滋西,荆州市,湖北省
STN_松潘,阿坝藏族羌族自治州,四川省
STN_松阳,丽水市,浙江省
STN_松青,伊春市,黑龙江省
STN_板其,黔西南布依族苗族自治州,贵州省
STN_板城,保定市,河北省
STN_板塘,湘潭市,湖南省
STN_板杖子,通化市,吉林省
STN_板桃,百色市,广西壮族自治区
STN_构林,南阳市,河南省
STN_析木,鞍山市,辽宁省
STN_枕头峰,延边朝鲜族自治州,吉林省
STN_林东,赤峰市,内蒙古自治区
STN_林口,牡丹江市,黑龙江省
STN_林口南,牡丹江市,黑龙江省
STN_林场,南京市,江苏省
STN_林子头,白山市,吉林省
STN_林家台,丹东市,辽宁省
STN_林村,邯郸市,河北省
STN_林歹南,贵阳市,贵州省
STN_林海,大兴安岭地区,黑龙江省
STN_林源,大庆市,黑龙江省
STN_林盛堡,沈阳市,辽宁省
STN_林芝,林芝市,西藏自治区
STN_林西,赤峰市,内蒙古自治区
STN_果园港所,重庆市,重庆市
STN_果松,通化市,吉林省
STN_果珠,昭通市,云南省
STN_枝城,宜昌市,湖北省
STN_枝江北,宜昌市,湖北省
STN_枣子林,攀枝花市,四川省
STN_枣庄,枣庄市,山东省
STN_枣庄东,枣庄市,山东省
STN_枣庄西,枣庄市,山东省
STN_枣强,衡水市,河北省
STN_枣林,忻州市,山西省
STN_枣阳,襄阳市,湖北省
STN_枫林,黄石市,湖北省
STN_枫泾,上海市,上海市
STN_柏村,乐山市,四川省
STN_柏林,重庆市,重庆市
STN_柏果,六盘水市,贵州省
STN_柘皋,合肥市,安徽省
STN_柘车河所,青岛市,山东省
STN_柞水,商洛市,陕西省
STN_查布嘎,赤峰市,内蒙古自治区
STN_查干得日斯,阿拉善盟,内蒙古自治区
STN_查干湖,松原市,吉林省
STN_查干特格,锡林郭勒盟,内蒙古自治区
STN_查干诺尔,锡林郭勒盟,内蒙古自治区
STN_柯坦,合肥市,安徽省
STN_柯坪,阿克苏地区,新疆维吾尔自治区
STN_柯柯,海西蒙古族藏族自治州,青海省
STN_柳园,酒泉市,甘肃省
STN_柳园南,酒泉市,甘肃省
STN_柳城,柳州市,广西壮族自治区
STN_柳家庄,中卫市,宁夏回族自治区
STN_柳州,柳州市,广西壮族自治区
STN_柳州西,柳州市,广西壮族自治区
STN_柳村所,北京市,北京市
STN_柳林南,吕梁市,山西省
STN_柳树,伊春市,黑龙江省
STN_柳树屯,葫芦岛市,辽宁省
STN_柳树泉,哈密市,新疆维吾尔自治区
STN_柳毛,鸡西市,黑龙江省
STN_柳江,柳州市,广西壮族自治区
STN_柳沟,酒泉市,甘肃省
STN_柳沟南,酒泉市,甘肃省
STN_柳河,通化市,吉林省
STN_柴桑,九江市,江西省
STN_柴沟堡,张家口市,河北省
STN_柴河,牡丹江市,黑龙江省
STN_栎阳所,西安市,陕西省
STN_栏杆滩,重庆市,重庆市
STN_树屏,兰州市,甘肃省
STN_树木岭,长沙市,湖南省
STN_树林,齐齐哈尔市,黑龙江省
STN_栗木,黄冈市,湖北省
STN_栟茶,南通市,江苏省
STN_株洲,株洲市,湖南省
STN_株洲南,株洲市,湖南省
STN_株洲西,株洲市,湖南省
STN_核桃园,重庆市,重庆市
STN_根河,呼伦贝尔市,内蒙古自治区
STN_根龙,百色市,广西壮族自治区
STN_格勒,阿拉善盟,内蒙古自治区
STN_格勒森德,锡林郭勒盟,内蒙古自治区
STN_格口,泉州市,福建省
STN_格尔木,海西蒙古族藏族自治州,青海省
STN_格尔木河所,海西蒙古族藏族自治州,青海省
STN_桂平,贵港市,广西壮族自治区
STN_桂林,桂林市,广西壮族自治区
STN_桂林北,桂林市,广西壮族自治区
STN_桂林西,桂林市,广西壮族自治区
STN_桃儿湾,巴彦淖尔市,内蒙古自治区
STN_桃司兔,鄂尔多斯市,内蒙古自治区
STN_桃园,锦州市,辽宁省
STN_桃山,伊春市,黑龙江省
STN_桃映,铜仁市,贵州省
STN_桃村,烟台市,山东省
STN_桃村东,烟台市,山东省
STN_桃村北,烟台市,山东省
STN_桃源,常德市,湖南省
STN_桃花店,合肥市,安徽省
STN_桃花镇所,合肥市,安徽省
STN_桐乡,嘉兴市,浙江省
STN_桐城,安庆市,安徽省
STN_桐城东,安庆市,安徽省
STN_桐城南,安庆市,安徽省
STN_桐子林,攀枝花市,四川省
STN_桐庐,杭州市,浙江省
STN_桐庐东,杭州市,浙江省
STN_桐木寨,黔东南苗族侗族自治州,贵州省
STN_桐柏,南阳市,河南省
STN_桐梓,遵义市,贵州省
STN_桐梓东,遵义市,贵州省
STN_桐梓北,遵义市,贵州省
STN_桑园子,兰州市,甘肃省
STN_桑日,山南市,西藏自治区
STN_桑根达来,锡林郭勒盟,内蒙古自治区
STN_桑根达来北,锡林郭勒盟,内蒙古自治区
STN_桑植,张家界市,湖南省
STN_桓台,淄博市,山东省
STN_桓龙湖,本溪市,辽宁省
STN_桥北,本溪市,辽宁省
STN_桥南,济南市,山东省
STN_桥头,本溪市,辽宁省
STN_桥湾,酒泉市,甘肃省
STN_桥西,嘉峪关市,甘肃省
STN_桦南,佳木斯市,黑龙江省
STN_桦南东,佳木斯市,黑龙江省
STN_桦林,牡丹江市,黑龙江省
STN_桦皮厂,吉林市,吉林省
STN_梁堤头,菏泽市,山东省
STN_梁家渡,南昌市,江西省
STN_梁山,济宁市,山东省
STN_梁平,重庆市,重庆市
STN_梁平南,重庆市,重庆市
STN_梁底下,承德市,河北省
STN_梅州,梅州市,广东省
STN_梅州西,梅州市,广东省
STN_梅水坑,龙岩市,福建省
STN_梅江,重庆市,重庆市
STN_梅河口,通化市,吉林省
STN_梅花山,毕节市,贵州省
STN_梧州,梧州市,广西壮族自治区
STN_梧州南,梧州市,广西壮族自治区
STN_梨树湾,重庆市,重庆市
STN_梨树镇,鸡西市,黑龙江省
STN_棋子湾,昌江黎族自治县,海南省
STN_棋盘,吉林市,吉林省
STN_棕溪,安康市,陕西省
STN_椑木镇,内江市,四川省
STN_楚山,牡丹江市,黑龙江省
STN_楚雄,楚雄彝族自治州,云南省
STN_楚鲁图,锡林郭勒盟,内蒙古自治区
STN_楠姆庙所,武汉市,湖北省
STN_楠溪江,温州市,浙江省
STN_榆中,兰州市,甘肃省
STN_榆垡东所,北京市,北京市
STN_榆垡南所,廊坊市,河北省
STN_榆林,榆林市,陕西省
STN_榆树,长春市,吉林省
STN_榆树台,沈阳市,辽宁省
STN_榆树屯,齐齐哈尔市,黑龙江省
STN_榆树川,延边朝鲜族自治州,吉林省
STN_榆树沟,承德市,河北省
STN_榆次,晋中市,山西省
STN_榆社,晋中市,山西省
STN_榆社西,晋中市,山西省
STN_榕江,黔东南苗族侗族自治州,贵州省
STN_槐荫,孝感市,湖北省
STN_樊家庄所,忻州市,山西省
STN_樟岚所,福州市,福建省
STN_樟木头,东莞市,广东省
STN_樟木头东,东莞市,广东省
STN_樟林,福州市,福建省
STN_樟树,宜春市,江西省
STN_樟树东,宜春市,江西省
STN_横山所,镇江市,江苏省
STN_横峰,上饶市,江西省
STN_横州,南宁市,广西壮族自治区
STN_横店,金华市,浙江省
STN_横店东,武汉市,湖北省
STN_横江,宜宾市,四川省
STN_横沟桥东,咸宁市,湖北省
STN_横琴,中山市,广东省
STN_横琴北,中山市,广东省
STN_横车,黄冈市,湖北省
STN_横道河子,牡丹江市,黑龙江省
STN_横道河子东,牡丹江市,黑龙江省
STN_樵坪山所,重庆市,重庆市
STN_橄榄坝,西双版纳傣族自治州,云南省
STN_欧里,通辽市,内蒙古自治区
STN_歌乐山,重庆市,重庆市
STN_歙县,黄山市,安徽省
STN_歙县北,黄山市,安徽省
STN_正定,石家庄市,河北省
STN_正定机场,石家庄市,河北省
STN_正镶白旗,锡林郭勒盟,内蒙古自治区
STN_步行街,成都市,四川省
STN_武义,金华市,浙江省
STN_武义北,金华市,浙江省
STN_武乡,长治市,山西省
STN_武乡东,长治市,山西省
STN_武功,咸阳市,陕西省
STN_武夷山,南平市,福建省
STN_武夷山北,南平市,福建省
STN_武威,武威市,甘肃省
STN_武威东,武威市,甘肃省
STN_武威南,武威市,甘肃省
STN_武安,邯郸市,河北省
STN_武山,天水市,甘肃省
STN_武平,龙岩市,福建省
STN_武当山,十堰市,湖北省
STN_武当山西,十堰市,湖北省
STN_武昌,武汉市,湖北省
STN_武昌东,武汉市,湖北省
STN_武昌南,武汉市,湖北省
STN_武汉,武汉市,湖北省
STN_武汉东,武汉市,湖北省
STN_武汉北,武汉市,湖北省
STN_武清,天津市,天津市
STN_武穴,黄冈市,湖北省
STN_武穴北,黄冈市,湖北省
STN_武胜,广安市,四川省
STN_武进,常州市,江苏省
STN_武陟,焦作市,河南省
STN_武隆,重庆市,重庆市
STN_武隆南,重庆市,重庆市
STN_歪头山,本溪市,辽宁省
STN_段家,锦州市,辽宁省
STN_段甲岭,廊坊市,河北省
STN_毕克齐,呼和浩特市,内蒙古自治区
STN_毕节,毕节市,贵州省
STN_毕节东,毕节市,贵州省
STN_毛告吐,通辽市,内蒙古自治区
STN_毛坝,达州市,四川省
STN_毛坝关,安康市,陕西省
STN_毛家坝所,重庆市,重庆市
STN_毛德呼热,巴彦淖尔市,内蒙古自治区
STN_毛陈,孝感市,湖北省
STN_民丰,和田地区,新疆维吾尔自治区
STN_民乐,张掖市,甘肃省
STN_民和南,海东市,青海省
STN_民家,沈阳市,辽宁省
STN_民族,呼和浩特市,内蒙古自治区
STN_民权,商丘市,河南省
STN_民权北,商丘市,河南省
STN_民福寺,重庆市,重庆市
STN_氡泉,白山市,吉林省
STN_水土,重庆市,重庆市
STN_水地,赤峰市,内蒙古自治区
STN_水城,六盘水市,贵州省
STN_水家湖,合肥市,安徽省
STN_水富,昭通市,云南省
STN_水江,重庆市,重庆市
STN_水江西,重庆市,重庆市
STN_水沟,宝鸡市,陕西省
STN_水泉,朝阳市,辽宁省
STN_水洋,长治市,山西省
STN_水洞,通化市,吉林省
STN_水源,兰州市,甘肃省
STN_水礼,延边朝鲜族自治州,吉林省
STN_水花,黔东南苗族侗族自治州,贵州省
STN_水茜,三明市,福建省
STN_水车湾,兰州市,甘肃省
STN_永丰营,昆明市,云南省
STN_永乐,百色市,广西壮族自治区
STN_永乐店,咸阳市,陕西省
STN_永仁,楚雄彝族自治州,云南省
STN_永修,九江市,江西省
STN_永和,承德市,河北省
STN_永嘉所,温州市,浙江省
STN_永城北,商丘市,河南省
STN_永宁,吉林市,吉林省
STN_永宁北,广州市,广东省
STN_永宁南,广州市,广东省
STN_永宁镇,南京市,江苏省
STN_永安,三明市,福建省
STN_永安乡,鸡西市,黑龙江省
STN_永安南,三明市,福建省
STN_永安镇,河池市,广西壮族自治区
STN_永定,龙岩市,福建省
STN_永寿,咸阳市,陕西省
STN_永寿西,咸阳市,陕西省
STN_永川,重庆市,重庆市
STN_永川东,重庆市,重庆市
STN_永川南,重庆市,重庆市
STN_永州,永州市,湖南省
STN_永州北,永州市,湖南省
STN_永平,上饶市,江西省
STN_永平县,大理白族自治州,云南省
STN_永庆,延边朝鲜族自治州,吉林省
STN_永康东,金华市,浙江省
STN_永康南,金华市,浙江省
STN_永昌,金华市,浙江省
STN_永春,泉州市,福建省
STN_永泰,福州市,福建省
STN_永济,运城市,山西省
STN_永济北,运城市,山西省
STN_永清东,廊坊市,河北省
STN_永清西所,廊坊市,河北省
STN_永甸,丹东市,辽宁省
STN_永登,兰州市,甘肃省
STN_永登北,兰州市,甘肃省
STN_永福南,桂林市,广西壮族自治区
STN_永胜,佳木斯市,黑龙江省
STN_永郎,凉山彝族自治州,四川省
STN_汇塘河,遵义市,贵州省
STN_汇流河,呼伦贝尔市,内蒙古自治区
STN_汉中,汉中市,陕西省
STN_汉口,武汉市,湖北省
STN_汉寿,常德市,湖南省
STN_汉寿南,常德市,湖南省
STN_汉川,孝感市,湖北省
STN_汉川北,孝感市,湖北省
STN_汉沟镇,天津市,天津市
STN_汉沽,天津市,天津市
STN_汉源,雅安市,四川省
STN_汉西,武汉市,湖北省
STN_汉阴,安康市,陕西省
STN_汐子,赤峰市,内蒙古自治区
STN_汕头,汕头市,广东省
STN_汕头南,汕头市,广东省
STN_汕尾,汕尾市,广东省
STN_汝州,平顶山市,河南省
STN_汝箕沟,石嘴山市,宁夏回族自治区
STN_汝阳,洛阳市,河南省
STN_江北机场,重庆市,重庆市
STN_江华,永州市,湖南省
STN_江宁,南京市,江苏省
STN_江宁西,南京市,江苏省
STN_江家岭,葫芦岛市,辽宁省
STN_江密峰,吉林市,吉林省
STN_江山,衢州市,浙江省
STN_江所田,曲靖市,云南省
STN_江村,广州市,广东省
STN_江村西所,广州市,广东省
STN_江桥,齐齐哈尔市,黑龙江省
STN_江永,永州市,湖南省
STN_江油,绵阳市,四川省
STN_江油北,绵阳市,四川省
STN_江津,重庆市,重庆市
STN_江津北,重庆市,重庆市
STN_江海,江门市,广东省
STN_江源,白山市,吉林省
STN_江源东,白山市,吉林省
STN_江西村,南宁市,广西壮族自治区
STN_江边村,抚州市,江西省
STN_江都,扬州市,江苏省
STN_江门,江门市,广东省
STN_江门东,江门市,广东省
STN_江阴,无锡市,江苏省
STN_江高,广州市,广东省
STN_池回村所,怀化市,湖南省
STN_池州,池州市,安徽省
STN_池河,安康市,陕西省
STN_汤原,佳木斯市,黑龙江省
STN_汤头沟,承德市,河北省
STN_汤山城,丹东市,辽宁省
STN_汤旺河,伊春市,黑龙江省
STN_汤池,齐齐哈尔市,黑龙江省
STN_汤河,丹东市,辽宁省
STN_汤逊湖,武汉市,湖北省
STN_汤阴,安阳市,河南省
STN_汤阴东,安阳市,河南省
STN_汨罗,岳阳市,湖南省
STN_汨罗东,岳阳市,湖南省
STN_汪家庄所,贵阳市,贵州省
STN_汪清,延边朝鲜族自治州,吉林省
STN_汪甸,百色市,广西壮族自治区
STN_汾河,太原市,山西省
STN_汾阳,吕梁市,山西省
STN_沁县,长治市,山西省
STN_沁河北,济源市,河南省
STN_沁阳,焦作市,河南省
STN_沂南,临沂市,山东省
STN_沂水,临沂市,山东省
STN_沃博尔,阿拉善盟,内蒙古自治区
STN_沃皮,长春市,吉林省
STN_沈丘,周口市,河南省
STN_沈丘北,周口市,河南省
STN_沈圩所,连云港市,江苏省
STN_沈家,哈尔滨市,黑龙江省
STN_沈家河,固原市,宁夏回族自治区
STN_沈阳,沈阳市,辽宁省
STN_沈阳东,沈阳市,辽宁省
STN_沈阳北,沈阳市,辽宁省
STN_沈阳南,沈阳市,辽宁省
STN_沈阳西,沈阳市,辽宁省
STN_沐滂,大理白族自治州,云南省
STN_沙井西,深圳市,广东省
STN_沙厂坪,黔西南布依族苗族自治州,贵州省
STN_沙县,三明市,福建省
STN_沙后所,葫芦岛市,辽宁省
STN_沙园,绥化市,黑龙江省
STN_沙坝,攀枝花市,四川省
STN_沙坝子,鄂尔多斯市,内蒙古自治区
STN_沙坡头,中卫市,宁夏回族自治区
STN_沙坨子,承德市,河北省
STN_沙坪坝,重庆市,重庆市
STN_沙城,张家口市,河北省
STN_沙堤所,张家界市,湖南省
STN_沙头东所,佛山市,广东省
STN_沙子河,唐山市,河北省
STN_沙尔塔拉,锡林郭勒盟,内蒙古自治区
STN_沙岭,沈阳市,辽宁省
STN_沙岭子,张家口市,河北省
STN_沙日乃,赤峰市,内蒙古自治区
STN_沙村,吉安市,江西省
STN_沙桥,楚雄彝族自治州,云南省
STN_沙沙圪台,鄂尔多斯市,内蒙古自治区
STN_沙沙坡,昭通市,云南省
STN_沙沱,六盘水市,贵州省
STN_沙河,北京市,北京市
STN_沙河口,大连市,辽宁省
STN_沙河市,邢台市,河北省
STN_沙洋西,荆门市,湖北省
STN_沙海,朝阳市,辽宁省
STN_沙湖,银川市,宁夏回族自治区
STN_沙湾,乐山市,四川省
STN_沙湾南,乐山市,四川省
STN_沙湾市,塔城地区,新疆维吾尔自治区
STN_沙马拉达,凉山彝族自治州,四川省
STN_沟口,呼伦贝尔市,内蒙古自治区
STN_沟帮子,锦州市,辽宁省
STN_沥林北,惠州市,广东省
STN_沧州,沧州市,河北省
STN_沧州西,沧州市,河北省
STN_沪苏通大桥,苏州市,江苏省
STN_沭阳,宿迁市,江苏省
STN_沱沱河,海西蒙古族藏族自治州,青海省
STN_河下,新余市,江西省
STN_河东机场,银川市,宁夏回族自治区
STN_河东里,酒泉市,甘肃省
STN_河南,延边朝鲜族自治州,吉林省
STN_河口北,红河哈尼族彝族自治州,云南省
STN_河口南,兰州市,甘肃省
STN_河唇,湛江市,广东省
STN_河底,阳泉市,山西省
STN_河池西,河池市,广西壮族自治区
STN_河汤沟,朝阳市,辽宁省
STN_河洛营,承德市,河北省
STN_河津,运城市,山西省
STN_河源,河源市,广东省
STN_河源东,河源市,广东省
STN_河源北,河源市,广东省
STN_河边,忻州市,山西省
STN_河间西,沧州市,河北省
STN_河阳,黔南布依族苗族自治州,贵州省
STN_油溪,重庆市,重庆市
STN_治安,通辽市,内蒙古自治区
STN_治江,汉中市,陕西省
STN_沾益,曲靖市,云南省
STN_沿河城,北京市,北京市
STN_沿滩,自贡市,四川省
STN_泉吉河,海西蒙古族藏族自治州,青海省
STN_泉州,泉州市,福建省
STN_泉州东,泉州市,福建省
STN_泉州南,泉州市,福建省
STN_泉水屯,大连市,辽宁省
STN_泉江,萍乡市,江西省
STN_泉沟,铁岭市,辽宁省
STN_泉港,泉州市,福建省
STN_泉眼,长春市,吉林省
STN_泉阳,白山市,吉林省
STN_泊头,沧州市,河北省
STN_泔溪,重庆市,重庆市
STN_法启,毕节市,贵州省
STN_泗亭,河池市,广西壮族自治区
STN_泗县,宿州市,安徽省
STN_泗县东,宿州市,安徽省
STN_泗水,济宁市,山东省
STN_泗水南,济宁市,山东省
STN_泗洪,宿迁市,江苏省
STN_泗阳,宿迁市,江苏省
STN_泡子,阜新市,辽宁省
STN_泥溪,宜宾市,四川省
STN_泰和,吉安市,江西省
STN_泰宁,三明市,福建省
STN_泰安,泰安市,山东省
STN_泰安镇,扬州市,江苏省
STN_泰山,泰安市,山东省
STN_泰州,泰州市,江苏省
STN_泰来,齐齐哈尔市,黑龙江省
STN_泰达,天津市,天津市
STN_泸县,泸州市,四川省
STN_泸州,泸州市,四川省
STN_泸州东,泸州市,四川省
STN_泽普,喀什地区,新疆维吾尔自治区
STN_泾县,宣城市,安徽省
STN_泾川,平凉市,甘肃省
STN_洋县,汉中市,陕西省
STN_洋县西,汉中市,陕西省
STN_洋河,宿迁市,江苏省
STN_洛东,河池市,广西壮族自治区
STN_洛川,延安市,陕西省
STN_洛川北,延安市,陕西省
STN_洛浦,和田地区,新疆维吾尔自治区
STN_洛湾三江,贵阳市,贵州省
STN_洛满,柳州市,广西壮族自治区
STN_洛碛,重庆市,重庆市
STN_洛羊镇,昆明市,云南省
STN_洛门,天水市,甘肃省
STN_洛阳,洛阳市,河南省
STN_洛阳东,洛阳市,河南省
STN_洛阳龙门,洛阳市,河南省
STN_洞井,长沙市,湖南省
STN_洞口,邵阳市,湖南省
STN_洞庙河,承德市,河北省
STN_津沪所,天津市,天津市
STN_洪安乡,成都市,四川省
STN_洪家山所,九江市,江西省
STN_洪德,庆阳市,甘肃省
STN_洪梅,东莞市,广东省
STN_洪河,佳木斯市,黑龙江省
STN_洪洞,临汾市,山西省
STN_洪洞北,临汾市,山西省
STN_洪洞西,临汾市,山西省
STN_洮南,白城市,吉林省
STN_洲心,清远市,广东省
STN_流水沟,承德市,河北省
STN_济南,济南市,山东省
STN_济南东,济南市,山东省
STN_济南西,济南市,山东省
STN_济宁,济宁市,山东省
STN_济宁东,济宁市,山东省
STN_济宁北,济宁市,山东省
STN_济源,济源市,河南省
STN_浐灞,西安市,陕西省
STN_浑河,沈阳市,辽宁省
STN_浠水,黄冈市,湖北省
STN_浠水南,黄冈市,湖北省
STN_浦口,南京市,江苏省
STN_浦江,金华市,浙江省
STN_浩良河,伊春市,黑龙江省
STN_浩门,海北藏族自治州,青海省
STN_浪河,十堰市,湖北省
STN_浮图峪,保定市,河北省
STN_浮山,临汾市,山西省
STN_浮梁,景德镇市,江西省
STN_浮梁东,景德镇市,江西省
STN_浮梁南所,景德镇市,江西省
STN_海东,海东市,青海省
STN_海东西,海东市,青海省
STN_海伦,绥化市,黑龙江省
STN_海北,绥化市,黑龙江省
STN_海口,澄迈县,海南省
STN_海口东,海口市,海南省
STN_海坨子,白城市,吉林省
STN_海城,鞍山市,辽宁省
STN_海城西,鞍山市,辽宁省
STN_海头,儋州市,海南省
STN_海宁,嘉兴市,浙江省
STN_海宁西,嘉兴市,浙江省
STN_海安,南通市,江苏省
STN_海安南,湛江市,广东省
STN_海彦呼都格,锡林郭勒盟,内蒙古自治区
STN_海拉尔,呼伦贝尔市,内蒙古自治区
STN_海拉尔东,呼伦贝尔市,内蒙古自治区
STN_海晏,海北藏族自治州,青海省
STN_海林,牡丹江市,黑龙江省
STN_海林北,牡丹江市,黑龙江省
STN_海浪,牡丹江市,黑龙江省
STN_海湾,上海市,上海市
STN_海石湾,兰州市,甘肃省
STN_海门,南通市,江苏省
STN_海阳,烟台市,山东省
STN_海阳北,烟台市,山东省
STN_海龙,通化市,吉林省
STN_浸长村,昆明市,云南省
STN_涉县,邯郸市,河北省
STN_涞源,保定市,河北省
STN_涟水,淮安市,江苏省
STN_涟源,娄底市,湖南省
STN_涡阳,亳州市,安徽省
STN_涧池铺,安康市,陕西省
STN_涪陵,重庆市,重庆市
STN_涪陵北,重庆市,重庆市
STN_涵江,莆田市,福建省
STN_涵江北,莆田市,福建省
STN_涿州,保定市,河北省
STN_涿州东,保定市,河北省
STN_淄博,淄博市,山东省
STN_淄博北,淄博市,山东省
STN_淄川,淄博市,山东省
STN_淮北,淮北市,安徽省
STN_淮北北,淮北市,安徽省
STN_淮南,淮南市,安徽省
STN_淮南东,淮南市,安徽省
STN_淮南南,淮南市,安徽省
STN_淮口南,成都市,四川省
STN_淮安,淮安市,江苏省
STN_淮安东,淮安市,江苏省
STN_淮安南,淮安市,江苏省
STN_淮滨,信阳市,河南省
STN_淮阳南,周口市,河南省
STN_深井,广州市,广东省
STN_深井子,沈阳市,辽宁省
STN_深圳,深圳市,广东省
STN_深圳东,深圳市,广东省
STN_深圳北,深圳市,广东省
STN_深圳坪山,深圳市,广东省
STN_深圳机场,深圳市,广东省
STN_深圳机场北,深圳市,广东省
STN_深圳西,深圳市,广东省
STN_深州,衡水市,河北省
STN_深汕,汕尾市,广东省
STN_清凉店,衡水市,河北省
STN_清华园,北京市,北京市
STN_清原,抚顺市,辽宁省
STN_清城,清远市,广东省
STN_清徐,太原市,山西省
STN_清水,酒泉市,甘肃省
STN_清水北,酒泉市,甘肃省
STN_清水县,天水市,甘肃省
STN_清水沟,毕节市,贵州省
STN_清水河,大连市,辽宁省
STN_清水河西,黔西南布依族苗族自治州,贵州省
STN_清河,北京市,北京市
STN_清河城,邢台市,河北省
STN_清河门,阜新市,辽宁省
STN_清河门北,阜新市,辽宁省
STN_清泉南,酒泉市,甘肃省
STN_清流,三明市,福建省
STN_清涧县,榆林市,陕西省
STN_清远,清远市,广东省
STN_清镇西,贵阳市,贵州省
STN_渑池,三门峡市,河南省
STN_渑池南,三门峡市,河南省
STN_渠东所,昆明市,云南省
STN_渠县,达州市,四川省
STN_渠旧,崇左市,广西壮族自治区
STN_渠黎,崇左市,广西壮族自治区
STN_渡口,攀枝花市,四川省
STN_渡市,达州市,四川省
STN_渤海,盘锦市,辽宁省
STN_温家圳,南昌市,江西省
STN_温岭,台州市,浙江省
STN_温岭北所,台州市,浙江省
STN_温岭西,台州市,浙江省
STN_温州,温州市,浙江省
STN_温州北,温州市,浙江省
STN_温州南,温州市,浙江省
STN_温春,牡丹江市,黑龙江省
STN_温根托海,呼伦贝尔市,内蒙古自治区
STN_温江,成都市,四川省
STN_温泉,昆明市,云南省
STN_温泉寺,本溪市,辽宁省
STN_温都和硕,赤峰市,内蒙古自治区
STN_渭南,渭南市,陕西省
STN_渭南北,渭南市,陕西省
STN_渭南西,渭南市,陕西省
STN_渭南镇,天水市,甘肃省
STN_渭沱,重庆市,重庆市
STN_渭津,辽源市,吉林省
STN_渭源,定西市,甘肃省
STN_湖一所,龙岩市,福建省
STN_湖南,兴安盟,内蒙古自治区
STN_湖口,九江市,江西省
STN_湖头,泉州市,福建省
STN_湖州,湖州市,浙江省
STN_湖州东,湖州市,浙江省
STN_湖州南浔,湖州市,浙江省
STN_湖潮,贵阳市,贵州省
STN_湖潮东,贵阳市,贵州省
STN_湘乡,湘潭市,湖南省
STN_湘府路,长沙市,湖南省
STN_湘潭,湘潭市,湖南省
STN_湘潭北,湘潭市,湖南省
STN_湛江,湛江市,广东省
STN_湛江北,湛江市,广东省
STN_湛江西,湛江市,广东省
STN_湟源,西宁市,青海省
STN_湾仔,中山市,广东省
STN_湾仔北,中山市,广东省
STN_湾李所,西安市,陕西省
STN_湾沚南,芜湖市,安徽省
STN_湾沟,白山市,吉林省
STN_溆浦,怀化市,湖南省
STN_溆浦南,怀化市,湖南省
STN_源潭,清远市,广东省
STN_源迁,淄博市,山东省
STN_溧水,南京市,江苏省
STN_溧河,南阳市,河南省
STN_溧阳,常州市,江苏省
STN_溪口,宁波市,浙江省
STN_溪洞,延边朝鲜族自治州,吉林省
STN_滁州,滁州市,安徽省
STN_滁州北,滁州市,安徽省
STN_滑县南,安阳市,河南省
STN_滑浚,鹤壁市,河南省
STN_滕州,枣庄市,山东省
STN_滕州东,枣庄市,山东省
STN_滠口,武汉市,湖北省
STN_满归,呼伦贝尔市,内蒙古自治区
STN_满汉营,松原市,吉林省
STN_满洲里,呼伦贝尔市,内蒙古自治区
STN_滥坝,六盘水市,贵州省
STN_滦县,唐山市,河北省
STN_滦县东,唐山市,河北省
STN_滦平,承德市,河北省
STN_滦平东,承德市,河北省
STN_滦河,唐山市,河北省
STN_滦河沿,承德市,河北省
STN_滨州,滨州市,山东省
STN_滨江,哈尔滨市,黑龙江省
STN_滨海,天津市,天津市
STN_滨海北,天津市,天津市
STN_滨海港,盐城市,江苏省
STN_滨海西,天津市,天津市
STN_滩头,昭通市,云南省
STN_滴道,鸡西市,黑龙江省
STN_漕泾,上海市,上海市
STN_漠河,大兴安岭地区,黑龙江省
STN_漫川关,商洛市,陕西省
STN_漫水湾,凉山彝族自治州,四川省
STN_漫流河,长治市,山西省
STN_漯河,漯河市,河南省
STN_漯河西,漯河市,河南省
STN_漳县,定西市,甘肃省
STN_漳州,漳州市,福建省
STN_漳州东,漳州市,福建省
STN_漳平,龙岩市,福建省
STN_漳平西,龙岩市,福建省
STN_漳河东所,荆门市,湖北省
STN_漳浦,漳州市,福建省
STN_漾濞,大理白族自治州,云南省
STN_潍坊,潍坊市,山东省
STN_潍坊北,潍坊市,山东省
STN_潘家店,承德市,河北省
STN_潜山,安庆市,安徽省
STN_潜江,潜江市,湖北省
STN_潞城,长治市,山西省
STN_潞城乡,百色市,广西壮族自治区
STN_潢川,信阳市,河南省
STN_潭岗,南昌市,江西省
STN_潮南,汕头市,广东省
STN_潮安,潮州市,广东省
STN_潮山所,广州市,广东省
STN_潮州,潮州市,广东省
STN_潮水,黑河市,黑龙江省
STN_潮汕,潮州市,广东省
STN_潮阳,汕头市,广东省
STN_潼关,渭南市,陕西省
STN_潼南,重庆市,重庆市
STN_澄城,渭南市,陕西省
STN_澧县北,常德市,湖南省
STN_濑湍,崇左市,广西壮族自治区
STN_濮阳,濮阳市,河南省
STN_濮阳东,濮阳市,河南省
STN_濯港所,黄冈市,湖北省
STN_瀼河,平顶山市,河南省
STN_灌云,连云港市,江苏省
STN_灌南,连云港市,江苏省
STN_灌水,丹东市,辽宁省
STN_灞桥,西安市,陕西省
STN_火烧寨,宝鸡市,陕西省
STN_火石泉,哈密市,新疆维吾尔自治区
STN_火连寨,本溪市,辽宁省
STN_灯塔,辽阳市,辽宁省
STN_灯芯桥,萍乡市,江西省
STN_灰埠,青岛市,山东省
STN_灰腾梁,锡林郭勒盟,内蒙古自治区
STN_灵丘,大同市,山西省
STN_灵仙庙,成都市,四川省
STN_灵宝,三门峡市,河南省
STN_灵宝西,三门峡市,河南省
STN_灵山,鞍山市,辽宁省
STN_灵川,桂林市,广西壮族自治区
STN_灵武,银川市,宁夏回族自治区
STN_灵武北,银川市,宁夏回族自治区
STN_灵璧,宿州市,安徽省
STN_灵石,晋中市,山西省
STN_灵石东,晋中市,山西省
STN_炉桥,滁州市,安徽省
STN_炎陵,株洲市,湖南省
STN_烟台,烟台市,山东省
STN_烟台南,烟台市,山东省
STN_烟台西,烟台市,山东省
STN_烟筒屯,大庆市,黑龙江省
STN_烟筒山,吉林市,吉林省
STN_热水,赤峰市,内蒙古自治区
STN_焉耆,巴音郭楞蒙古自治州,新疆维吾尔自治区
STN_焦作,焦作市,河南省
STN_焦作东,焦作市,河南省
STN_焦作西,焦作市,河南省
STN_煤田,呼伦贝尔市,内蒙古自治区
STN_照福铺,曲靖市,云南省
STN_熊家所,重庆市,重庆市
STN_熊岳城,营口市,辽宁省
STN_燕子砭,汉中市,陕西省
STN_燕家庄,泰安市,山东省
STN_燕山,北京市,北京市
STN_燕岗,乐山市,四川省
STN_燕湖,清远市,广东省
STN_燕郊,廊坊市,河北省
STN_爱河,牡丹江市,黑龙江省
STN_牙克石,呼伦贝尔市,内蒙古自治区
STN_牙屯堡,怀化市,湖南省
STN_牛坪子,攀枝花市,四川省
STN_牛家,哈尔滨市,黑龙江省
STN_牛家营子,赤峰市,内蒙古自治区
STN_牛庄,鞍山市,辽宁省
STN_牛心台,本溪市,辽宁省
STN_牛栏山,北京市,北京市
STN_牛汾台,兴安盟,内蒙古自治区
STN_牛河梁,朝阳市,辽宁省
STN_牛王北所,贵阳市,贵州省
STN_牛耳河,呼伦贝尔市,内蒙古自治区
STN_牛街庄,昆明市,云南省
STN_牛角山,大连市,辽宁省
STN_牛车河,常德市,湖南省
STN_牛驼,廊坊市,河北省
STN_牟平,烟台市,山东省
STN_牡丹江,牡丹江市,黑龙江省
STN_牧原,呼伦贝尔市,内蒙古自治区
STN_特门,海西蒙古族藏族自治州,青海省
STN_犀浦,成都市,四川省
STN_犀浦东,成都市,四川省
STN_犍为,乐山市,四川省
STN_独山,黔南布依族苗族自治州,贵州省
STN_独山东,黔南布依族苗族自治州,贵州省
STN_独立屯,大庆市,黑龙江省
STN_狮子山,铜陵市,安徽省
STN_狮子营,新乡市,河南省
STN_狮山,佛山市,广东省
STN_狮山北,佛山市,广东省
STN_狮山西所,佛山市,广东省
STN_狮岭,广州市,广东省
STN_狼尾山,张掖市,甘肃省
STN_狼山,张家口市,河北省
STN_狼窝铺,唐山市,河北省
STN_猛洞河,湘西土家族苗族自治州,湖南省
STN_猴山,承德市,河北省
STN_玉屏,铜仁市,贵州省
STN_玉山,上饶市,江西省
STN_玉山南,上饶市,江西省
STN_玉林,玉林市,广西壮族自治区
STN_玉林北,玉林市,广西壮族自治区
STN_玉泉,哈尔滨市,黑龙江省
STN_玉泉镇,和田地区,新疆维吾尔自治区
STN_玉溪,玉溪市,云南省
STN_玉溪南,玉溪市,云南省
STN_玉溪西,玉溪市,云南省
STN_玉环,台州市,浙江省
STN_玉田南,唐山市,河北省
STN_玉田县,唐山市,河北省
STN_玉石,金昌市,甘肃省
STN_玉符河所,济南市,山东省
STN_玉舍,六盘水市,贵州省
STN_玉门,酒泉市,甘肃省
STN_王伯村所,潍坊市,山东省
STN_王兆屯,哈尔滨市,黑龙江省
STN_王团庄,吴忠市,宁夏回族自治区
STN_王场,宜宾市,四川省
STN_王安镇,保定市,河北省
STN_王家坝,重庆市,重庆市
STN_王家寨,忻州市,山西省
STN_王家湾,兰州市,甘肃省
STN_王家营,昆明市,云南省
STN_王家营西,昆明市,云南省
STN_王岗,哈尔滨市,黑龙江省
STN_王庄,长治市,山西省
STN_王府,松原市,吉林省
STN_王朱所,淄博市,山东省
STN_王杨,伊春市,黑龙江省
STN_王楼,亳州市,安徽省
STN_王瞳,衡水市,河北省
STN_玛纳斯,昌吉回族自治州,新疆维吾尔自治区
STN_玛纳斯湖,塔城地区,新疆维吾尔自治区
STN_环县,庆阳市,甘肃省
STN_环江,河池市,广西壮族自治区
STN_珏山所,焦作市,河南省
STN_珞璜,重庆市,重庆市
STN_珞璜东,重庆市,重庆市
STN_珞璜南,重庆市,重庆市
STN_珠斯花,通辽市,内蒙古自治区
STN_珠海,珠海市,广东省
STN_珠海北,珠海市,广东省
STN_珠海机场,珠海市,广东省
STN_珠海长隆,珠海市,广东省
STN_珠玑,烟台市,山东省
STN_珠玑巷,韶关市,广东省
STN_珠琳,文山壮族苗族自治州,云南省
STN_珠窝,北京市,北京市
STN_班猫箐,昆明市,云南省
STN_珲春,延边朝鲜族自治州,吉林省
STN_琅勃拉邦,,
STN_理家坪,永州市,湖南省
STN_琥市,梅州市,广东省
STN_琥珀湖,抚顺市,辽宁省
STN_琵琶湖,九江市,江西省
STN_琶洲,广州市,广东省
STN_琼海,琼海市,海南省
STN_瑞安,温州市,浙江省
STN_瑞昌,九江市,江西省
STN_瑞昌西,九江市,江西省
STN_瑞金,赣州市,江西省
STN_璧山,重庆市,重庆市
STN_瓜州,酒泉市,甘肃省
STN_瓜房子,呼和浩特市,内蒙古自治区
STN_瓢儿屯,抚顺市,辽宁省
STN_瓦屋山,常州市,江苏省
STN_瓦房,通辽市,内蒙古自治区
STN_瓦房店,大连市,辽宁省
STN_瓦房店西,大连市,辽宁省
STN_瓦拉干,大兴安岭地区,黑龙江省
STN_瓦石峡,巴音郭楞蒙古自治州,新疆维吾尔自治区
STN_瓦祖,凉山彝族自治州,四川省
STN_瓦窑坝,包头市,内蒙古自治区
STN_瓦窑田,六盘水市,贵州省
STN_瓷窑湾,鄂尔多斯市,内蒙古自治区
STN_甘旗卡,通辽市,内蒙古自治区
STN_甘棠,景德镇市,江西省
STN_甘河,呼伦贝尔市,内蒙古自治区
STN_甘泉,延安市,陕西省
STN_甘泉北,延安市,陕西省
STN_甘洛,凉山彝族自治州,四川省
STN_甘洛南,凉山彝族自治州,四川省
STN_甘草店,兰州市,甘肃省
STN_甘谷,天水市,甘肃省
STN_甜水堡,庆阳市,甘肃省
STN_田丁,百色市,广西壮族自治区
STN_田东,百色市,广西壮族自治区
STN_田东北,百色市,广西壮族自治区
STN_田家沟,朝阳市,辽宁省
STN_田家窝堡所,沈阳市,辽宁省
STN_田师府,本溪市,辽宁省
STN_田庄,唐山市,河北省
STN_田心东,株洲市,湖南省
STN_田林,百色市,广西壮族自治区
STN_田梁子,昭通市,云南省
STN_田王,西安市,陕西省
STN_田阳,百色市,广西壮族自治区
STN_甲山,承德市,河北省
STN_甲猫,黔南布依族苗族自治州,贵州省
STN_申家店,佳木斯市,黑龙江省
STN_电白,茂名市,广东省
STN_甸尾,楚雄彝族自治州,云南省
STN_甸心,楚雄彝族自治州,云南省
STN_画桥,鹰潭市,江西省
STN_界山,伊春市,黑龙江省
STN_界首南,阜阳市,安徽省
STN_界首市,阜阳市,安徽省
STN_留庄,洛阳市,河南省
STN_略阳,汉中市,陕西省
STN_番禺,广州市,广东省
STN_畲江,梅州市,广东省
STN_畲江北,梅州市,广东省
STN_疃村所,青岛市,山东省
STN_疏勒,喀什地区,新疆维吾尔自治区
STN_疏勒河,酒泉市,甘肃省
STN_登沙河,大连市,辽宁省
STN_登瀛崖,内江市,四川省
STN_白云北,贵阳市,贵州省
STN_白云机场东,广州市,广东省
STN_白云机场北,广州市,广东省
STN_白云机场南,广州市,广东省
STN_白云湖,广州市,广东省
STN_白云西,贵阳市,贵州省
STN_白云鄂博,包头市,内蒙古自治区
STN_白合,洛阳市,河南省
STN_白土岗,吴忠市,宁夏回族自治区
STN_白城,白城市,吉林省
STN_白塔,呼和浩特市,内蒙古自治区
STN_白塔村,昆明市,云南省
STN_白壁关,吕梁市,山西省
STN_白奎堡,哈尔滨市,黑龙江省
STN_白山东,白山市,吉林省
STN_白山乡,齐齐哈尔市,黑龙江省
STN_白山市,白山市,吉林省
STN_白市,四平市,吉林省
STN_白市驿,重庆市,重庆市
STN_白彦花,巴彦淖尔市,内蒙古自治区
STN_白彦花西,巴彦淖尔市,内蒙古自治区
STN_白文,吕梁市,山西省
STN_白文东,吕梁市,山西省
STN_白旗,承德市,河北省
STN_白果,凉山彝族自治州,四川省
STN_白桦排,呼伦贝尔市,内蒙古自治区
STN_白水县,渭南市,陕西省
STN_白水江,汉中市,陕西省
STN_白水河,黔西南布依族苗族自治州,贵州省
STN_白水镇,曲靖市,云南省
STN_白沙,重庆市,重庆市
STN_白沙坡,曲靖市,云南省
STN_白沙沱,重庆市,重庆市
STN_白沙铺,黄石市,湖北省
STN_白沟,保定市,河北省
STN_白河东,安康市,陕西省
STN_白河县,安康市,陕西省
STN_白泉,辽源市,吉林省
STN_白洋淀,保定市,河北省
STN_白海,兴安盟,内蒙古自治区
STN_白涛,重庆市,重庆市
STN_白涧,保定市,河北省
STN_白源,萍乡市,江西省
STN_白狼,兴安盟,内蒙古自治区
STN_白盆窑所,北京市,北京市
STN_白石山,吉林市,吉林省
STN_白石岩,凉山彝族自治州,四川省
STN_白羊墅,阳泉市,山西省
STN_白腊寨,文山壮族苗族自治州,云南省
STN_白芨沟,石嘴山市,宁夏回族自治区
STN_白蜡坪,达州市,四川省
STN_白银南,白银市,甘肃省
STN_白银哈尔,锡林郭勒盟,内蒙古自治区
STN_白银市,白银市,甘肃省
STN_白银西,白银市,甘肃省
STN_白音他拉,通辽市,内蒙古自治区
STN_白音华南,锡林郭勒盟,内蒙古自治区
STN_白音察干,乌兰察布市,内蒙古自治区
STN_白音库伦,锡林郭勒盟,内蒙古自治区
STN_白音胡硕,兴安盟,内蒙古自治区
STN_白马,重庆市,重庆市
STN_白马井,儋州市,海南省
STN_白马北,内江市,四川省
STN_白鸡坡,六盘水市,贵州省
STN_百口泉,克拉玛依市,新疆维吾尔自治区
STN_百宜,贵阳市,贵州省
STN_百浪,南宁市,广西壮族自治区
STN_百色,百色市,广西壮族自治区
STN_百里峡,保定市,河北省
STN_皂桷磅所,宜宾市,四川省
STN_皂角树所,重庆市,重庆市
STN_皋兰,兰州市,甘肃省
STN_皮口,大连市,辽宁省
STN_皮口南,大连市,辽宁省
STN_皮山,和田地区,新疆维吾尔自治区
STN_益阳,益阳市,湖南省
STN_益阳东,益阳市,湖南省
STN_益阳南,益阳市,湖南省
STN_盐城,盐城市,江苏省
STN_盐城北,盐城市,江苏省
STN_盐城大丰,盐城市,江苏省
STN_盐岛,大连市,辽宁省
STN_盐步所,佛山市,广东省
STN_盐池,吴忠市,宁夏回族自治区
STN_盐津,昭通市,云南省
STN_盐津北,昭通市,云南省
STN_盐边,攀枝花市,四川省
STN_盖州,营口市,辽宁省
STN_盖州西,营口市,辽宁省
STN_盘关,六盘水市,贵州省
STN_盘古,大兴安岭地区,黑龙江省
STN_盘古寺,济源市,河南省
STN_盘山,盘锦市,辽宁省
STN_盘州,六盘水市,贵州省
STN_盘锦,盘锦市,辽宁省
STN_盘锦北,盘锦市,辽宁省
STN_盘龙城,武汉市,湖北省
STN_盛泽,苏州市,江苏省
STN_相思河,贵阳市,贵州省
STN_眉县东,宝鸡市,陕西省
STN_眉山,眉山市,四川省
STN_眉山东,眉山市,四川省
STN_睢宁,徐州市,江苏省
STN_睦村,吉安市,江西省
STN_矮陂所,龙岩市,福建省
STN_石丫口,毕节市,贵州省
STN_石人,白山市,吉林省
STN_石人城,哈尔滨市,黑龙江省
STN_石何杨所,咸阳市,陕西省
STN_石嘴山,石嘴山市,宁夏回族自治区
STN_石嘴山南,石嘴山市,宁夏回族自治区
STN_石圪台,鄂尔多斯市,内蒙古自治区
STN_石场,重庆市,重庆市
STN_石坝,吴忠市,宁夏回族自治区
STN_石城,丹东市,辽宁省
STN_石城东,赣州市,江西省
STN_石大关,阿坝藏族羌族自治州,四川省
STN_石头,牡丹江市,黑龙江省
STN_石头河,延边朝鲜族自治州,吉林省
STN_石子坝,重庆市,重庆市
STN_石子山,重庆市,重庆市
STN_石家,吉林市,吉林省
STN_石家庄,石家庄市,河北省
STN_石家庄东,石家庄市,河北省
STN_石家庄北,石家庄市,河北省
STN_石家村所,,
STN_石家滩,天水市,甘肃省
STN_石山,锦州市,辽宁省
STN_石岘,延边朝鲜族自治州,吉林省
STN_石岭,四平市,吉林省
STN_石峡子,武威市,甘肃省
STN_石庙沟,安康市,陕西省
STN_石景山南,北京市,北京市
STN_石板哨,贵阳市,贵州省
STN_石板墩南,酒泉市,甘肃省
STN_石板滩,成都市,四川省
STN_石林,昆明市,云南省
STN_石林南,昆明市,云南省
STN_石林西,昆明市,云南省
STN_石柱县,重庆市,重庆市
STN_石柱槽,达州市,四川省
STN_石桥,达州市,四川省
STN_石桥子,本溪市,辽宁省
STN_石桥镇,成都市,四川省
STN_石梯,达州市,四川省
STN_石楼县,吕梁市,山西省
STN_石河子,石河子市,新疆维吾尔自治区
STN_石泉县,安康市,陕西省
STN_石湖,通化市,吉林省
STN_石滩,广州市,广东省
STN_石牌,广州市,广东省
STN_石磷,鸡西市,黑龙江省
STN_石脑,朝阳市,辽宁省
STN_石郎庄,唐山市,河北省
STN_石长,伊春市,黑龙江省
STN_石门县,常德市,湖南省
STN_石门县北,常德市,湖南省
STN_石门坎,重庆市,重庆市
STN_石门子,呼伦贝尔市,内蒙古自治区
STN_石门村,包头市,内蒙古自治区
STN_砀山,宿州市,安徽省
STN_砀山南,宿州市,安徽省
STN_砚川,商洛市,陕西省
STN_砬子河,白山市,吉林省
STN_硬石岭,鹰潭市,江西省
STN_确山,驻马店市,河南省
STN_碧州,大兴安岭地区,黑龙江省
STN_碧水,大兴安岭地区,黑龙江省
STN_碧江,佛山市,广东省
STN_碧鸡关,昆明市,云南省
STN_碱厂,本溪市,辽宁省
STN_碱柜,鄂尔多斯市,内蒙古自治区
STN_碾子山,齐齐哈尔市,黑龙江省
STN_磁县,邯郸市,河北省
STN_磁山,邯郸市,河北省
STN_磁窑,泰安市,山东省
STN_磐安,金华市,浙江省
STN_磐安南,金华市,浙江省
STN_磐安镇,天水市,甘肃省
STN_磐石,吉林市,吉林省
STN_磨丁,,
STN_磨刀石,牡丹江市,黑龙江省
STN_磨心坡,重庆市,重庆市
STN_磨憨,西双版纳傣族自治州,云南省
STN_磨憨（境）,,
STN_磨溪,重庆市,重庆市
STN_磨滩,晋城市,山西省
STN_磨盘山,延边朝鲜族自治州,吉林省
STN_磨砂溪所,怀化市,湖南省
STN_磴口,巴彦淖尔市,内蒙古自治区
STN_礼乐,江门市,广东省
STN_礼州,凉山彝族自治州,四川省
STN_礼泉,咸阳市,陕西省
STN_礼泉南,咸阳市,陕西省
STN_礼贤,北京市,北京市
STN_社棠,天水市,甘肃省
STN_祁东,衡阳市,湖南省
STN_祁东北,衡阳市,湖南省
STN_祁县,晋中市,山西省
STN_祁县东,晋中市,山西省
STN_祁家堡,本溪市,辽宁省
STN_祁门,黄山市,安徽省
STN_祁门南,黄山市,安徽省
STN_祁阳,永州市,湖南省
STN_祁阳北,永州市,湖南省
STN_神东,榆林市,陕西省
STN_神农架,神农架林区,湖北省
STN_神头,朔州市,山西省
STN_神山,广州市,广东省
STN_神峪河,平凉市,甘肃省
STN_神州,万宁市,海南省
STN_神木,榆林市,陕西省
STN_神木北,榆林市,陕西省
STN_神木南,榆林市,陕西省
STN_神木西,榆林市,陕西省
STN_神树,伊春市,黑龙江省
STN_神池,忻州市,山西省
STN_神池南,忻州市,山西省
STN_祥云,大理白族自治州,云南省
STN_祥云西,大理白族自治州,云南省
STN_禄丰南,楚雄彝族自治州,云南省
STN_福临堡,宝鸡市,陕西省
STN_福兴地,赤峰市,内蒙古自治区
STN_福利区,兰州市,甘肃省
STN_福利屯,双鸭山市,黑龙江省
STN_福安,宁德市,福建省
STN_福山,烟台市,山东省
STN_福山北,烟台市,山东省
STN_福山口,保定市,河北省
STN_福山寺,唐山市,河北省
STN_福山镇,澄迈县,海南省
STN_福州,福州市,福建省
STN_福州南,福州市,福建省
STN_福巨,通辽市,内蒙古自治区
STN_福德,泉州市,福建省
STN_福泉,黔南布依族苗族自治州,贵州省
STN_福海,阿勒泰地区,新疆维吾尔自治区
STN_福海西,深圳市,广东省
STN_福清,福州市,福建省
STN_福清西,福州市,福建省
STN_福港,景德镇市,江西省
STN_福生庄,乌兰察布市,内蒙古自治区
STN_福田,深圳市,广东省
STN_福鼎,宁德市,福建省
STN_禹城,德州市,山东省
STN_禹城东,德州市,山东省
STN_禹州,许昌市,河南省
STN_禹门口,运城市,山西省
STN_离堆公园,成都市,四川省
STN_禾家村,张家界市,湖南省
STN_禾山所,厦门市,福建省
STN_秀山,重庆市,重庆市
STN_秀英,海口市,海南省
STN_秋梨沟,延边朝鲜族自治州,吉林省
STN_科韵路,广州市,广东省
STN_秦安,天水市,甘肃省
STN_秦家,绥化市,黑龙江省
STN_秦家庄,忻州市,山西省
STN_秦岭,宝鸡市,陕西省
STN_秦王川,兰州市,甘肃省
STN_秦皇岛,秦皇岛市,河北省
STN_秦祺村所,贵阳市,贵州省
STN_秧草地,曲靖市,云南省
STN_程家,阳泉市,山西省
STN_程村,柳州市,广西壮族自治区
STN_稷山,运城市,山西省
STN_穆棱,牡丹江市,黑龙江省
STN_穰东,南阳市,河南省
STN_窑上,承德市,河北省
STN_窑村,西安市,陕西省
STN_立志,大庆市,黑龙江省
STN_章丘,济南市,山东省
STN_章丘北,济南市,山东省
STN_章丘南,济南市,山东省
STN_章党,抚顺市,辽宁省
STN_章古台,阜新市,辽宁省
STN_童家溪所,重庆市,重庆市
STN_端州,肇庆市,广东省
STN_竹园,红河哈尼族彝族自治州,云南省
STN_竹料,广州市,广东省
STN_笔架山,双鸭山市,黑龙江省
STN_笕桥,杭州市,浙江省
STN_符离集,宿州市,安徽省
STN_策勒,和田地区,新疆维吾尔自治区
STN_简阳,成都市,四川省
STN_简阳南,成都市,四川省
STN_算王庄,菏泽市,山东省
STN_米兰,巴音郭楞蒙古自治州,新疆维吾尔自治区
STN_米易,攀枝花市,四川省
STN_米易东,攀枝花市,四川省
STN_米林,林芝市,西藏自治区
STN_米沙子,长春市,吉林省
STN_米脂,榆林市,陕西省
STN_精河,博尔塔拉蒙古自治州,新疆维吾尔自治区
STN_精河南,博尔塔拉蒙古自治州,新疆维吾尔自治区
STN_索伦,兴安盟,内蒙古自治区
STN_索图罕,呼伦贝尔市,内蒙古自治区
STN_紫荆关,保定市,河北省
STN_紫阳,安康市,陕西省
STN_綦江,重庆市,重庆市
STN_綦江东,重庆市,重庆市
STN_繁峙,忻州市,山西省
STN_繁昌西,芜湖市,安徽省
STN_红光镇,成都市,四川省
STN_红兴隆,双鸭山市,黑龙江省
STN_红塘湾,三亚市,海南省
STN_红安,黄冈市,湖北省
STN_红安西,黄冈市,湖北省
STN_红寺堡,吴忠市,宁夏回族自治区
STN_红寺堡北,吴忠市,宁夏回族自治区
STN_红山,伊春市,黑龙江省
STN_红岘台,白银市,甘肃省
STN_红岛,青岛市,山东省
STN_红峰,凉山彝族自治州,四川省
STN_红彦,呼伦贝尔市,内蒙古自治区
STN_红旗,锦州市,辽宁省
STN_红旗所,西安市,陕西省
STN_红旗渠,安阳市,河南省
STN_红旗营,齐齐哈尔市,黑龙江省
STN_红星,伊春市,黑龙江省
STN_红星所,南平市,福建省
STN_红果,六盘水市,贵州省
STN_红柳,海西蒙古族藏族自治州,青海省
STN_红柳河,酒泉市,甘肃省
STN_红江,楚雄彝族自治州,云南省
STN_红河,红河哈尼族彝族自治州,云南省
STN_红牌楼,成都市,四川省
STN_红石,朝阳市,辽宁省
STN_红砂坝,乌兰察布市,内蒙古自治区
STN_红砂岘,白银市,甘肃省
STN_红花园,遵义市,贵州省
STN_红花塘,成都市,四川省
STN_红花沟,赤峰市,内蒙古自治区
STN_纪家沟,承德市,河北省
STN_纳堆,,
STN_纳林沟门,鄂尔多斯市,内蒙古自治区
STN_纳磨,,
STN_纳雍,毕节市,贵州省
STN_纳雍西,毕节市,贵州省
STN_纸坊东,武汉市,湖北省
STN_练塘,上海市,上海市
STN_织金,毕节市,贵州省
STN_织金北,毕节市,贵州省
STN_绍兴,绍兴市,浙江省
STN_绍兴东,绍兴市,浙江省
STN_绍兴北,绍兴市,浙江省
STN_经久,凉山彝族自治州,四川省
STN_经棚,赤峰市,内蒙古自治区
STN_绕阳河,锦州市,辽宁省
STN_绛帐,宝鸡市,陕西省
STN_统军庄,北京市,北京市
STN_统景,重庆市,重庆市
STN_绣峰,大兴安岭地区,黑龙江省
STN_绥中,葫芦岛市,辽宁省
STN_绥中北,葫芦岛市,辽宁省
STN_绥化,绥化市,黑龙江省
STN_绥德,榆林市,陕西省
STN_绥棱,绥化市,黑龙江省
STN_绥芬河,牡丹江市,黑龙江省
STN_绥阳,牡丹江市,黑龙江省
STN_继承,呼伦贝尔市,内蒙古自治区
STN_绩溪北,宣城市,安徽省
STN_绩溪县,宣城市,安徽省
STN_绵竹南,德阳市,四川省
STN_绵阳,绵阳市,四川省
STN_绿化,嘉峪关市,甘肃省
STN_绿博园,郑州市,河南省
STN_绿梁山,海西蒙古族藏族自治州,青海省
STN_绿潭,伊春市,黑龙江省
STN_缙云,丽水市,浙江省
STN_缙云西,丽水市,浙江省
STN_缯溪河,安康市,陕西省
STN_网户,葫芦岛市,辽宁省
STN_罕台川,鄂尔多斯市,内蒙古自治区
STN_罕达盖,呼伦贝尔市,内蒙古自治区
STN_罗坊,新余市,江西省
STN_罗城,河池市,广西壮族自治区
STN_罗山,信阳市,河南省
STN_罗平,曲靖市,云南省
STN_罗江东,德阳市,四川省
STN_罗浮山,惠州市,广东省
STN_罗源,福州市,福建省
STN_罗阳所,惠州市,广东省
STN_罗陂岗,抚州市,江西省
STN_羊圈子,锦州市,辽宁省
STN_羊坪,黔东南苗族侗族自治州,贵州省
STN_羊堡,昆明市,云南省
STN_羊尾哨,曲靖市,云南省
STN_羊木,广元市,四川省
STN_羊者窝,曲靖市,云南省
STN_羊臼河,楚雄彝族自治州,云南省
STN_羊草,绥化市,黑龙江省
STN_羊马,成都市,四川省
STN_美兰,海口市,海南省
STN_美岱召,包头市,内蒙古自治区
STN_美溪,伊春市,黑龙江省
STN_群力,齐齐哈尔市,黑龙江省
STN_翠亨,中山市,广东省
STN_翠屏,宜宾市,四川省
STN_翠岗,大兴安岭地区,黑龙江省
STN_翠峰,呼伦贝尔市,内蒙古自治区
STN_耀州,铜川市,陕西省
STN_老古沟,丹东市,辽宁省
STN_老城镇,澄迈县,海南省
STN_老堡,柳州市,广西壮族自治区
STN_老岭,通化市,吉林省
STN_老庄子所,唐山市,河北省
STN_老府,赤峰市,内蒙古自治区
STN_老松岭,牡丹江市,黑龙江省
STN_老柏沟所,重庆市,重庆市
STN_老河口东,襄阳市,湖北省
STN_老爷岭,吉林市,吉林省
STN_老王洞,黔东南苗族侗族自治州,贵州省
STN_老罗堡,黔南布依族苗族自治州,贵州省
STN_老羊壕,包头市,内蒙古自治区
STN_老莱,齐齐哈尔市,黑龙江省
STN_老营,白山市,吉林省
STN_老边,营口市,辽宁省
STN_老锅厂,毕节市,贵州省
STN_老隆所,河源市,广东省
STN_者桑,文山壮族苗族自治州,云南省
STN_耒阳,衡阳市,湖南省
STN_耒阳西,衡阳市,湖南省
STN_耿坡,襄阳市,湖北省
STN_耿镇所,西安市,陕西省
STN_聂河,大兴安岭地区,黑龙江省
STN_聊城,聊城市,山东省
STN_聊城东,聊城市,山东省
STN_聊城北,聊城市,山东省
STN_聊城西,聊城市,山东省
STN_联合乡,凉山彝族自治州,四川省
STN_聚源,成都市,四川省
STN_肃北,酒泉市,甘肃省
STN_肃宁,沧州市,河北省
STN_肃州,酒泉市,甘肃省
STN_肇东,绥化市,黑龙江省
STN_肇庆,肇庆市,广东省
STN_肇庆东,肇庆市,广东省
STN_肖马杨所,武汉市,湖北省
STN_肥东,合肥市,安徽省
STN_肥西,合肥市,安徽省
STN_肯德隆,海西蒙古族藏族自治州,青海省
STN_育新,通辽市,内蒙古自治区
STN_背荫河,哈尔滨市,黑龙江省
STN_胜利镇,哈尔滨市,黑龙江省
STN_胜芳,廊坊市,河北省
STN_胡家营,十堰市,湖北省
STN_胡王所,咸阳市,陕西省
STN_胡豆堡所,重庆市,重庆市
STN_胪滨,呼伦贝尔市,内蒙古自治区
STN_胶州,青岛市,山东省
STN_胶州北,青岛市,山东省
STN_腰栈,承德市,河北省
STN_腻革龙,文山壮族苗族自治州,云南省
STN_腾桥,抚州市,江西省
STN_自贡,自贡市,四川省
STN_自贡北,自贡市,四川省
STN_舍伯吐,通辽市,内蒙古自治区
STN_舍力虎,通辽市,内蒙古自治区
STN_舒兰,吉林市,吉林省
STN_舒城,六安市,安徽省
STN_舒城东,六安市,安徽省
STN_航埠所,衢州市,浙江省
STN_艮山门,杭州市,浙江省
STN_良乡,北京市,北京市
STN_良各庄,北京市,北京市
STN_良村,石家庄市,河北省
STN_艾不盖,包头市,内蒙古自治区
STN_艾家村,吴忠市,宁夏回族自治区
STN_艾河,保定市,河北省
STN_芙蓉南,长沙市,湖南省
STN_芙蓉镇,湘西土家族苗族自治州,湖南省
STN_芜湖,芜湖市,安徽省
STN_芜湖北,芜湖市,安徽省
STN_芜湖南,芜湖市,安徽省
STN_芝兰庄,潍坊市,山东省
STN_芝罘,烟台市,山东省
STN_芝阳,渭南市,陕西省
STN_芦台,天津市,天津市
STN_芦官,贵阳市,贵州省
STN_芦家庄,晋中市,山西省
STN_芦家村,乌兰察布市,内蒙古自治区
STN_芦庙,亳州市,安徽省
STN_芦沟,曲靖市,云南省
STN_芦洪市,永州市,湖南省
STN_芦溪,萍乡市,江西省
STN_芦潮港,上海市,上海市
STN_芨岭,金昌市,甘肃省
STN_芭蕉沟所,重庆市,重庆市
STN_花博山,本溪市,辽宁省
STN_花园,孝感市,湖北省
STN_花园口,大连市,辽宁省
STN_花土坡,毕节市,贵州省
STN_花城街,广州市,广东省
STN_花家庄,六盘水市,贵州省
STN_花山南,武汉市,湖北省
STN_花山所,武汉市,湖北省
STN_花山镇,广州市,广东省
STN_花庄,兰州市,甘肃省
STN_花果,十堰市,湖北省
STN_花桥,苏州市,江苏省
STN_花棚子,攀枝花市,四川省
STN_花楼坝,达州市,四川省
STN_花湖,鄂州市,湖北省
STN_花溪南,贵阳市,贵州省
STN_花溪大学城,贵阳市,贵州省
STN_花溪西,贵阳市,贵州省
STN_花都,广州市,广东省
STN_芷江,怀化市,湖南省
STN_苇子沟,延边朝鲜族自治州,吉林省
STN_苇河,哈尔滨市,黑龙江省
STN_苇河西,哈尔滨市,黑龙江省
STN_苍南,温州市,浙江省
STN_苍坪,昭通市,云南省
STN_苍溪,广元市,四川省
STN_苍石,抚顺市,辽宁省
STN_苏北,沈阳市,辽宁省
STN_苏吉达巴,通辽市,内蒙古自治区
STN_苏坂,龙岩市,福建省
STN_苏宏图,阿拉善盟,内蒙古自治区
STN_苏家屯,沈阳市,辽宁省
STN_苏尼特左旗,锡林郭勒盟,内蒙古自治区
STN_苏州,苏州市,江苏省
STN_苏州北,苏州市,江苏省
STN_苏州南,苏州市,江苏省
STN_苏州园区,苏州市,江苏省
STN_苏州新区,苏州市,江苏省
STN_苏干湖,酒泉市,甘肃省
STN_苏雄,凉山彝族自治州,四川省
STN_苏集,乌兰察布市,内蒙古自治区
STN_苔青,伊春市,黑龙江省
STN_若巴谷,大理白族自治州,云南省
STN_若羌,巴音郭楞蒙古自治州,新疆维吾尔自治区
STN_苦水沟,海西蒙古族藏族自治州,青海省
STN_英吉沙,喀什地区,新疆维吾尔自治区
STN_英库勒,巴音郭楞蒙古自治州,新疆维吾尔自治区
STN_英德,清远市,广东省
STN_英德西,清远市,广东省
STN_英额门,抚顺市,辽宁省
STN_苹林,龙岩市,福建省
STN_茂兰,临沧市,云南省
STN_茂县,阿坝藏族羌族自治州,四川省
STN_茂名,茂名市,广东省
STN_茂名东,茂名市,广东省
STN_茂名南,茂名市,广东省
STN_茂名西,茂名市,广东省
STN_茂林,四平市,吉林省
STN_茂舍祖,昆明市,云南省
STN_茂陵,咸阳市,陕西省
STN_范家屯,长春市,吉林省
STN_范家所,吉安市,江西省
STN_范家漾所,湖州市,浙江省
STN_范店子,凉山彝族自治州,四川省
STN_范镇,泰安市,山东省
STN_茄子溪,重庆市,重庆市
STN_茅岭,防城港市,广西壮族自治区
STN_茅草坪,六盘水市,贵州省
STN_茌平,聊城市,山东省
STN_茌平南,聊城市,山东省
STN_茨冲,六盘水市,贵州省
STN_茨坝,重庆市,重庆市
STN_茫崖,海西蒙古族藏族自治州,青海省
STN_茫崖镇,海西蒙古族藏族自治州,青海省
STN_茶亭,上饶市,江西省
STN_茶卡,海西蒙古族藏族自治州,青海省
STN_茶山坳,衡阳市,湖南省
STN_茶条沟,延边朝鲜族自治州,吉林省
STN_茶淀,天津市,天津市
STN_茶镇,汉中市,陕西省
STN_茶陵,株洲市,湖南省
STN_茶陵南,株洲市,湖南省
STN_茶陵西,株洲市,湖南省
STN_荆州,荆州市,湖北省
STN_荆门,荆门市,湖北省
STN_荆门西,荆门市,湖北省
STN_草六格尔,锡林郭勒盟,内蒙古自治区
STN_草坂,漳州市,福建省
STN_草坝,昆明市,云南省
STN_草市,抚顺市,辽宁省
STN_草店,平顶山市,河南省
STN_草店村所,西安市,陕西省
STN_草庙子,威海市,山东省
STN_草河口,本溪市,辽宁省
STN_草海,毕节市,贵州省
STN_草金所,成都市,四川省
STN_荒沟西,延边朝鲜族自治州,吉林省
STN_荔波,黔南布依族苗族自治州,贵州省
STN_荔湾所,广州市,广东省
STN_荣山村所,澄迈县,海南省
STN_荣成,威海市,山东省
STN_荣昌,重庆市,重庆市
STN_荣昌北,重庆市,重庆市
STN_荷塘,湘潭市,湖南省
STN_莆田,莆田市,福建省
STN_莎车,喀什地区,新疆维吾尔自治区
STN_莒南,临沂市,山东省
STN_莒南北,临沂市,山东省
STN_莒县,日照市,山东省
STN_莘县,聊城市,山东省
STN_莘庄,上海市,上海市
STN_莫尔格,阿拉善盟,内蒙古自治区
STN_莫尔道嘎,呼伦贝尔市,内蒙古自治区
STN_莱州,烟台市,山东省
STN_莱芜东,济南市,山东省
STN_莱芜北,济南市,山东省
STN_莱西,青岛市,山东省
STN_莱西东所,青岛市,山东省
STN_莱西南,青岛市,山东省
STN_莱阳,烟台市,山东省
STN_莱阳南,烟台市,山东省
STN_莲东,济源市,河南省
STN_莲塘,南昌市,江西省
STN_莲江口,佳木斯市,黑龙江省
STN_莲花山,赤峰市,内蒙古自治区
STN_获嘉,新乡市,河南省
STN_获鹿,石家庄市,河北省
STN_获鹿所,石家庄市,河北省
STN_菇园,通化市,吉林省
STN_菏泽,菏泽市,山东省
STN_菏泽东,菏泽市,山东省
STN_菏泽南,菏泽市,山东省
STN_萍乡,萍乡市,江西省
STN_萍乡北,萍乡市,江西省
STN_营北,葫芦岛市,辽宁省
STN_营口,营口市,辽宁省
STN_营口东,营口市,辽宁省
STN_营城,长春市,吉林省
STN_营城子,大连市,辽宁省
STN_营山,南充市,四川省
STN_营盘上,赣州市,江西省
STN_营盘水,阿拉善盟,内蒙古自治区
STN_营盘湾,巴彦淖尔市,内蒙古自治区
STN_营街,六盘水市,贵州省
STN_营镇,商洛市,陕西省
STN_萧县,宿州市,安徽省
STN_萧县北,宿州市,安徽省
STN_萧山,杭州市,浙江省
STN_萨拉齐,包头市,内蒙古自治区
STN_萨拉齐东,包头市,内蒙古自治区
STN_萨特玛,阿克苏地区,新疆维吾尔自治区
STN_落坡岭,北京市,北京市
STN_落垡,天津市,天津市
STN_葆园,延边朝鲜族自治州,吉林省
STN_葛店南,鄂州市,湖北省
STN_葛根庙,兴安盟,内蒙古自治区
STN_葡萄菁,毕节市,贵州省
STN_董家口,青岛市,山东省
STN_董庄,南阳市,河南省
STN_董集,连云港市,江苏省
STN_葫芦,乌兰察布市,内蒙古自治区
STN_葫芦岛,葫芦岛市,辽宁省
STN_葫芦岛北,葫芦岛市,辽宁省
STN_葵潭,揭阳市,广东省
STN_蒋村,忻州市,山西省
STN_蒙山,临沂市,山东省
STN_蒙渡,遵义市,贵州省
STN_蒙自,红河哈尼族彝族自治州,云南省
STN_蒙自北,红河哈尼族彝族自治州,云南省
STN_蒲县,临汾市,山西省
STN_蒲坝,凉山彝族自治州,四川省
STN_蒲城,渭南市,陕西省
STN_蒲城东,渭南市,陕西省
STN_蒲家,达州市,四川省
STN_蒲山店,南阳市,河南省
STN_蒲江,成都市,四川省
STN_蒲石,渭南市,陕西省
STN_蒲缥,保山市,云南省
STN_蓁山所,烟台市,山东省
STN_蓝村,青岛市,山东省
STN_蓝田,西安市,陕西省
STN_蓟州,天津市,天津市
STN_蓟州北,天津市,天津市
STN_蓬安,南充市,四川省
STN_蓬安西,南充市,四川省
STN_蓬洪,,
STN_蓬溪,遂宁市,四川省
STN_蓬莱,烟台市,山东省
STN_蓬鲁,泉州市,福建省
STN_蔡家坡,宝鸡市,陕西省
STN_蔡家崖,吕梁市,山西省
STN_蔡家沟,松原市,吉林省
STN_蔡山,黄冈市,湖北省
STN_蔺家楼,济南市,山东省
STN_蔺市,重庆市,重庆市
STN_蕉溪,黔东南苗族侗族自治州,贵州省
STN_蕲春,黄冈市,湖北省
STN_蕲春南,黄冈市,湖北省
STN_薛孤,忻州市,山西省
STN_薛家,锦州市,辽宁省
STN_藁城,石家庄市,河北省
STN_藁城南,石家庄市,河北省
STN_藤县,梧州市,广西壮族自治区
STN_虎什哈,承德市,河北省
STN_虎尔虎拉,齐齐哈尔市,黑龙江省
STN_虎山,牡丹江市,黑龙江省
STN_虎峰,哈尔滨市,黑龙江省
STN_虎林,鸡西市,黑龙江省
STN_虎石台,沈阳市,辽宁省
STN_虎门,东莞市,广东省
STN_虎门东,东莞市,广东省
STN_虎门北,东莞市,广东省
STN_虞城县,商丘市,河南省
STN_虢镇,宝鸡市,陕西省
STN_蚌埠,蚌埠市,安徽省
STN_蚌埠东,蚌埠市,安徽省
STN_蚌埠南,蚌埠市,安徽省
STN_蚕厂屯,大连市,辽宁省
STN_蛟河,吉林市,吉林省
STN_蛟河西,吉林市,吉林省
STN_蛟洋,龙岩市,福建省
STN_蜀山东,合肥市,安徽省
STN_蜀河,安康市,陕西省
STN_融安,柳州市,广西壮族自治区
STN_融水,柳州市,广西壮族自治区
STN_螺山,唐山市,河北省
STN_街基,齐齐哈尔市,黑龙江省
STN_街边,佛山市,广东省
STN_衙门口东,北京市,北京市
STN_衙门庙,赤峰市,内蒙古自治区
STN_衙门营,通辽市,内蒙古自治区
STN_衡南,衡阳市,湖南省
STN_衡山,衡阳市,湖南省
STN_衡山西,衡阳市,湖南省
STN_衡水,衡水市,河北省
STN_衡水北,衡水市,河北省
STN_衡阳,衡阳市,湖南省
STN_衡阳东,衡阳市,湖南省
STN_衡阳北,衡阳市,湖南省
STN_衢州,衢州市,浙江省
STN_衢州东,衢州市,浙江省
STN_衢州西,衢州市,浙江省
STN_衢江,衢州市,浙江省
STN_袁北,淮安市,江苏省
STN_袁寨,阜阳市,安徽省
STN_裕国,沈阳市,辽宁省
STN_裕溪口,芜湖市,安徽省
STN_裴家庄所,济南市,山东省
STN_裴德,鸡西市,黑龙江省
STN_褚家湾,中卫市,宁夏回族自治区
STN_襄垣,长治市,山西省
STN_襄垣东,长治市,山西省
STN_襄州,襄阳市,湖北省
STN_襄汾,临汾市,山西省
STN_襄汾西,临汾市,山西省
STN_襄河,黑河市,黑龙江省
STN_襄阳,襄阳市,湖北省
STN_襄阳东,襄阳市,湖北省
STN_襄阳北,襄阳市,湖北省
STN_西丰,铁岭市,辽宁省
STN_西丽,深圳市,广东省
STN_西乌旗,锡林郭勒盟,内蒙古自治区
STN_西乡,汉中市,陕西省
STN_西八里,张家口市,河北省
STN_西六方,通辽市,内蒙古自治区
STN_西华,周口市,河南省
STN_西南杖子,葫芦岛市,辽宁省
STN_西双版纳,西双版纳傣族自治州,云南省
STN_西口,兴安盟,内蒙古自治区
STN_西哲里木,兴安盟,内蒙古自治区
STN_西固,兰州市,甘肃省
STN_西固城,兰州市,甘肃省
STN_西土城,乌兰察布市,内蒙古自治区
STN_西坑,三明市,福建省
STN_西大庙,承德市,河北省
STN_西大林,沈阳市,辽宁省
STN_西大滩,石嘴山市,宁夏回族自治区
STN_西宁,西宁市,青海省
STN_西宁西,西宁市,青海省
STN_西安,西安市,陕西省
STN_西安东,西安市,陕西省
STN_西安北,西安市,陕西省
STN_西安西,西安市,陕西省
STN_西小召,巴彦淖尔市,内蒙古自治区
STN_西小沟,包头市,内蒙古自治区
STN_西岗子,黑河市,黑龙江省
STN_西岭口,呼伦贝尔市,内蒙古自治区
STN_西峡,南阳市,河南省
STN_西平,驻马店市,河南省
STN_西平西,东莞市,广东省
STN_西斋,荆州市,湖北省
STN_西斗铺,包头市,内蒙古自治区
STN_西昌,凉山彝族自治州,四川省
STN_西昌北,凉山彝族自治州,四川省
STN_西昌南,凉山彝族自治州,四川省
STN_西昌西,凉山彝族自治州,四川省
STN_西村,宜春市,江西省
STN_西来,成都市,四川省
STN_西林,伊春市,黑龙江省
STN_西柳,鞍山市,辽宁省
STN_西桐古,淄博市,山东省
STN_西武匠,晋城市,山西省
STN_西沟,榆林市,陕西省
STN_西涧河所,太原市,山西省
STN_西渡,衡阳市,湖南省
STN_西湖东,惠州市,广东省
STN_西牟所,烟台市,山东省
STN_西社,渭南市,陕西省
STN_西秀镇所,澄迈县,海南省
STN_西索木,呼伦贝尔市,内蒙古自治区
STN_西街口,昆明市,云南省
STN_西贺村,临汾市,山西省
STN_西道口,北京市,北京市
STN_西里,锡林郭勒盟,内蒙古自治区
STN_西阳岔,通化市,吉林省
STN_西阳村,晋城市,山西省
STN_西陌堂所,烟台市,山东省
STN_西麻山,鸡西市,黑龙江省
STN_覃家坝,达州市,四川省
STN_观沙岭,长沙市,湖南省
STN_观音机场,徐州市,江苏省
STN_角美,漳州市,福建省
STN_讷尔克气,呼伦贝尔市,内蒙古自治区
STN_讷河,齐齐哈尔市,黑龙江省
STN_许三湾,张掖市,甘肃省
STN_许家台,兰州市,甘肃省
STN_许家屯,大连市,辽宁省
STN_许昌,许昌市,河南省
STN_许昌东,许昌市,河南省
STN_许昌北,许昌市,河南省
STN_诏安,漳州市,福建省
STN_诸城,潍坊市,山东省
STN_诸往,威海市,山东省
STN_诸暨,绍兴市,浙江省
STN_读书铺,昆明市,云南省
STN_谢家镇,长春市,吉林省
STN_谭家井,武威市,甘肃省
STN_谷城,襄阳市,湖北省
STN_谷城北,襄阳市,湖北省
STN_谷山,长沙市,湖南省
STN_豆庄,邯郸市,河北省
STN_豆张庄,天津市,天津市
STN_豆沙关,昭通市,云南省
STN_豆罗,忻州市,山西省
STN_豪门,呼伦贝尔市,内蒙古自治区
STN_贡兴所,淮安市,江苏省
STN_贡嘎,山南市,西藏自治区
STN_贡家台,衡水市,河北省
STN_贲红,乌兰察布市,内蒙古自治区
STN_贵安,贵阳市,贵州省
STN_贵定,黔南布依族苗族自治州,贵州省
STN_贵定北,黔南布依族苗族自治州,贵州省
STN_贵定南,黔南布依族苗族自治州,贵州省
STN_贵定县,黔南布依族苗族自治州,贵州省
STN_贵港,贵港市,广西壮族自治区
STN_贵溪,鹰潭市,江西省
STN_贵阳,贵阳市,贵州省
STN_贵阳东,贵阳市,贵州省
STN_贵阳北,贵阳市,贵州省
STN_贵阳西,贵阳市,贵州省
STN_费县,临沂市,山东省
STN_费县北,临沂市,山东省
STN_贺家店,天水市,甘肃省
STN_贺州,贺州市,广西壮族自治区
STN_贺胜桥东,咸宁市,湖北省
STN_贾鲁河,郑州市,河南省
STN_资中,内江市,四川省
STN_资中北,内江市,四川省
STN_资中西,内江市,四川省
STN_资溪,抚州市,江西省
STN_资阳,资阳市,四川省
STN_资阳北,资阳市,四川省
STN_资阳西,资阳市,四川省
STN_赛乌苏,锡林郭勒盟,内蒙古自治区
STN_赛汗塔拉,锡林郭勒盟,内蒙古自治区
STN_赣厦所,赣州市,江西省
STN_赣县,赣州市,江西省
STN_赣县北,赣州市,江西省
STN_赣州,赣州市,江西省
STN_赣州东,赣州市,江西省
STN_赣州西,赣州市,江西省
STN_赣榆,,
STN_赣榆北,连云港市,江苏省
STN_赤城,张家口市,河北省
STN_赤壁,咸宁市,湖北省
STN_赤壁北,咸宁市,湖北省
STN_赤峰,赤峰市,内蒙古自治区
STN_赤峰东,赤峰市,内蒙古自治区
STN_赤峰北,赤峰市,内蒙古自治区
STN_赤峰南,赤峰市,内蒙古自治区
STN_赤木岭,楚雄彝族自治州,云南省
STN_赫尔洪得,呼伦贝尔市,内蒙古自治区
STN_走马岭所,武汉市,湖北省
STN_赵光,黑河市,黑龙江省
STN_赵城,临汾市,山西省
STN_赵家店所,承德市,河北省
STN_赵川北,张家口市,河北省
STN_赵庄,晋城市,山西省
STN_赵甸,南通市,江苏省
STN_赵西所,西安市,陕西省
STN_赶水,重庆市,重庆市
STN_赶水东,重庆市,重庆市
STN_超梁沟,承德市,河北省
STN_越西,凉山彝族自治州,四川省
STN_跑马山,昆明市,云南省
STN_路口铺,岳阳市,湖南省
STN_跳蹬,重庆市,重庆市
STN_车墩,上海市,上海市
STN_车站名,郑州市,河南省
STN_车转湾,曲靖市,云南省
STN_轩岗,忻州市,山西省
STN_转龙湾,鄂尔多斯市,内蒙古自治区
STN_轮台,巴音郭楞蒙古自治州,新疆维吾尔自治区
STN_轵城,济源市,河南省
STN_轸溪,乐山市,四川省
STN_辉南,通化市,吉林省
STN_辉森乌拉西,阿拉善盟,内蒙古自治区
STN_辉河,呼伦贝尔市,内蒙古自治区
STN_辛堡,临汾市,山西省
STN_辛集,石家庄市,河北省
STN_辛集南,石家庄市,河北省
STN_辰清,黑河市,黑龙江省
STN_辰溪,怀化市,湖南省
STN_边沟,丹东市,辽宁省
STN_辽中,沈阳市,辽宁省
STN_辽宁朝阳,朝阳市,辽宁省
STN_辽源,辽源市,吉林省
STN_辽阳,辽阳市,辽宁省
STN_达坂城,乌鲁木齐市,新疆维吾尔自治区
STN_达家沟,长春市,吉林省
STN_达州,达州市,四川省
STN_达布逊,海西蒙古族藏族自治州,青海省
STN_达拉滨,呼伦贝尔市,内蒙古自治区
STN_达拉特旗,鄂尔多斯市,内蒙古自治区
STN_达拉特西,鄂尔多斯市,内蒙古自治区
STN_达连河,哈尔滨市,黑龙江省
STN_迁安,唐山市,河北省
STN_迎宾路,成都市,四川省
STN_迎春,鸡西市,黑龙江省
STN_迎水桥,中卫市,宁夏回族自治区
STN_迎祥街,内江市,四川省
STN_迎龙,重庆市,重庆市
STN_运城,运城市,山西省
STN_运城北,运城市,山西省
STN_运粮河,开封市,河南省
STN_近海,沈阳市,辽宁省
STN_进贤,南昌市,江西省
STN_进贤北,南昌市,江西省
STN_进贤南,南昌市,江西省
STN_连云港,连云港市,江苏省
STN_连云港东,连云港市,江苏省
STN_连山关,本溪市,辽宁省
STN_连江,福州市,福建省
STN_连江口,清远市,广东省
STN_连湖,海西蒙古族藏族自治州,青海省
STN_连珠山,鸡西市,黑龙江省
STN_迤资,攀枝花市,四川省
STN_迤那,毕节市,贵州省
STN_迪荡,绍兴市,浙江省
STN_通化,通化市,吉林省
STN_通化县,通化市,吉林省
STN_通北,黑河市,黑龙江省
STN_通天屯,七台河市,黑龙江省
STN_通安驿,定西市,甘肃省
STN_通州西,北京市,北京市
STN_通榆,白城市,吉林省
STN_通海,玉溪市,云南省
STN_通渭,定西市,甘肃省
STN_通辽,通辽市,内蒙古自治区
STN_通辽东,通辽市,内蒙古自治区
STN_通辽北,通辽市,内蒙古自治区
STN_通辽西,通辽市,内蒙古自治区
STN_通远堡,丹东市,辽宁省
STN_通远堡西,丹东市,辽宁省
STN_通道,怀化市,湖南省
STN_遂宁,遂宁市,四川省
STN_遂平,驻马店市,河南省
STN_遂昌,丽水市,浙江省
STN_遂溪,湛江市,广东省
STN_道劳杜,呼伦贝尔市,内蒙古自治区
STN_道口,锦州市,辽宁省
STN_道州,永州市,湖南省
STN_道清,白山市,吉林省
STN_道滘,东莞市,广东省
STN_遥林,白山市,吉林省
STN_遵义,遵义市,贵州省
STN_邓家湾,昭通市,云南省
STN_邓州,南阳市,河南省
STN_邓州东,南阳市,河南省
STN_邛崃,成都市,四川省
STN_邢台,邢台市,河北省
STN_邢台东,邢台市,河北省
STN_那曲,那曲市,西藏自治区
STN_那林桃亥,鄂尔多斯市,内蒙古自治区
STN_那玉,六盘水市,贵州省
STN_那罗,南宁市,广西壮族自治区
STN_那铺,南宁市,广西壮族自治区
STN_那额所,南宁市,广西壮族自治区
STN_邯郸,邯郸市,河北省
STN_邯郸东,邯郸市,河北省
STN_邯郸南,邯郸市,河北省
STN_邳州,徐州市,江苏省
STN_邳州东,徐州市,江苏省
STN_邵东,邵阳市,湖南省
STN_邵伯所,扬州市,江苏省
STN_邵家堂,兰州市,甘肃省
STN_邵武,南平市,福建省
STN_邵阳,邵阳市,湖南省
STN_邵阳北,邵阳市,湖南省
STN_邵阳西,邵阳市,湖南省
STN_邹城,济宁市,山东省
STN_邹平,滨州市,山东省
STN_郁南,云浮市,广东省
STN_郁山,重庆市,重庆市
STN_郎家庄所,青岛市,山东省
STN_郎溪南,宣城市,安徽省
STN_郏县,平顶山市,河南省
STN_郑家坞,绍兴市,浙江省
STN_郑屯,黔西南布依族苗族自治州,贵州省
STN_郑州,郑州市,河南省
STN_郑州东,郑州市,河南省
STN_郑州航空港,郑州市,河南省
STN_郑州西,郑州市,河南省
STN_郑杖子所,朝阳市,辽宁省
STN_郓城,菏泽市,山东省
STN_郜营,襄阳市,湖北省
STN_郧西,十堰市,湖北省
STN_郫县,成都市,四川省
STN_郫县东,成都市,四川省
STN_郫县西,成都市,四川省
STN_郭家屯,葫芦岛市,辽宁省
STN_郭家店,四平市,吉林省
STN_郭尔奔敖包,锡林郭勒盟,内蒙古自治区
STN_郭王村,西安市,陕西省
STN_郭磊庄,张家口市,河北省
STN_郯城,临沂市,山东省
STN_郴州,郴州市,湖南省
STN_郴州西,郴州市,湖南省
STN_都匀,黔南布依族苗族自治州,贵州省
STN_都匀东,黔南布依族苗族自治州,贵州省
STN_都安,河池市,广西壮族自治区
STN_都昌,九江市,江西省
STN_都格,六盘水市,贵州省
STN_都江堰,成都市,四川省
STN_鄂尔多斯,鄂尔多斯市,内蒙古自治区
STN_鄂州,鄂州市,湖北省
STN_鄂州东,鄂州市,湖北省
STN_鄄城,菏泽市,山东省
STN_鄠邑,西安市,陕西省
STN_鄢陵,许昌市,河南省
STN_鄯善,吐鲁番市,新疆维吾尔自治区
STN_鄯善北,吐鲁番市,新疆维吾尔自治区
STN_鄱阳,上饶市,江西省
STN_鄱阳北,上饶市,江西省
STN_酉阳,重庆市,重庆市
STN_酒泉,酒泉市,甘肃省
STN_酒泉南,酒泉市,甘肃省
STN_醪桥,吉安市,江西省
STN_醴陵,株洲市,湖南省
STN_醴陵东,株洲市,湖南省
STN_采石场,延边朝鲜族自治州,吉林省
STN_里木店,绥化市,黑龙江省
STN_重庆,重庆市,重庆市
STN_重庆东,重庆市,重庆市
STN_重庆北,重庆市,重庆市
STN_重庆南,重庆市,重庆市
STN_重庆西,重庆市,重庆市
STN_野三关,恩施土家族苗族自治州,湖北省
STN_野三坡,保定市,河北省
STN_野象谷,西双版纳傣族自治州,云南省
STN_金刚沱,重庆市,重庆市
STN_金华,金华市,浙江省
STN_金华南,金华市,浙江省
STN_金华南所,金华市,浙江省
STN_金华镇,贵阳市,贵州省
STN_金口河,乐山市,四川省
STN_金口河南,乐山市,四川省
STN_金场堡,锦州市,辽宁省
STN_金坑,本溪市,辽宁省
STN_金坛,常州市,江苏省
STN_金城,锦州市,辽宁省
STN_金城江,河池市,广西壮族自治区
STN_金堂,成都市,四川省
STN_金塔,酒泉市,甘肃省
STN_金宝屯,通辽市,内蒙古自治区
STN_金家店,通辽市,内蒙古自治区
STN_金寨,六安市,安徽省
STN_金山,巴音郭楞蒙古自治州,新疆维吾尔自治区
STN_金山北,上海市,上海市
STN_金山卫,上海市,上海市
STN_金山园区,上海市,上海市
STN_金山屯,伊春市,黑龙江省
STN_金山湾,丹东市,辽宁省
STN_金岭镇,淄博市,山东省
STN_金州,大连市,辽宁省
STN_金巴岭所,宜昌市,湖北省
STN_金昌,金昌市,甘肃省
STN_金普,大连市,辽宁省
STN_金月湾,东方市,海南省
STN_金杖子,朝阳市,辽宁省
STN_金林,呼伦贝尔市,内蒙古自治区
STN_金沙滩,朔州市,山西省
STN_金沟屯,承德市,河北省
STN_金河,呼伦贝尔市,内蒙古自治区
STN_金珠,吉林市,吉林省
STN_金谷,泉州市,福建省
STN_金钟,毕节市,贵州省
STN_金银川,阿克苏地区,新疆维吾尔自治区
STN_金银潭,武汉市,湖北省
STN_金锐所,成都市,四川省
STN_金阳,贵阳市,贵州省
STN_金阳南,贵阳市,贵州省
STN_金音沟所,重庆市,重庆市
STN_金马村,昆明市,云南省
STN_金鸡村,南宁市,广西壮族自治区
STN_钟家村,渭南市,陕西省
STN_钟山,贺州市,广西壮族自治区
STN_钟山西,贺州市,广西壮族自治区
STN_钟杖子,葫芦岛市,辽宁省
STN_钟祥,荆门市,湖北省
STN_钟祥南,荆门市,湖北省
STN_钟落潭东,广州市,广东省
STN_钟鸣,铜陵市,安徽省
STN_钟鸣所,芜湖市,安徽省
STN_钢城,济南市,山东省
STN_钦州,钦州市,广西壮族自治区
STN_钦州东,钦州市,广西壮族自治区
STN_钦州北,钦州市,广西壮族自治区
STN_钱家店,通辽市,内蒙古自治区
STN_钱清,绍兴市,浙江省
STN_铁佛寺,丹东市,辽宁省
STN_铁刹山,本溪市,辽宁省
STN_铁力,伊春市,黑龙江省
STN_铁厂,通化市,吉林省
STN_铁厂沟,塔城地区,新疆维吾尔自治区
STN_铁口,凉山彝族自治州,四川省
STN_铁山,黄石市,湖北省
STN_铁岭,铁岭市,辽宁省
STN_铁岭西,铁岭市,辽宁省
STN_铁干里克,巴音郭楞蒙古自治州,新疆维吾尔自治区
STN_铁西,凉山彝族自治州,四川省
STN_铁门关,巴音郭楞蒙古自治州,新疆维吾尔自治区
STN_铅山西,上饶市,江西省
STN_铜仁,铜仁市,贵州省
STN_铜仁南,铜仁市,贵州省
STN_铜佛寺,延边朝鲜族自治州,吉林省
STN_铜山,徐州市,江苏省
STN_铜山所,徐州市,江苏省
STN_铜川,铜川市,陕西省
STN_铜川东,铜川市,陕西省
STN_铜川北,铜川市,陕西省
STN_铜罐驿,重庆市,重庆市
STN_铜陵,铜陵市,安徽省
STN_铜陵北,铜陵市,安徽省
STN_铜陵北所,铜陵市,安徽省
STN_铜鼓溪,昭通市,云南省
STN_银川,银川市,宁夏回族自治区
STN_银川东,银川市,宁夏回族自治区
STN_银川南,银川市,宁夏回族自治区
STN_银浪,大庆市,黑龙江省
STN_银滩,儋州市,海南省
STN_银瓶,东莞市,广东省
STN_银盏,清远市,广东省
STN_银花,重庆市,重庆市
STN_银镇,承德市,河北省
STN_铺集,威海市,山东省
STN_锡林呼都嘎,锡林郭勒盟,内蒙古自治区
STN_锡林浩特,锡林郭勒盟,内蒙古自治区
STN_锡林浩特北,锡林郭勒盟,内蒙古自治区
STN_锡铁山,海西蒙古族藏族自治州,青海省
STN_锦和,怀化市,湖南省
STN_锦州,锦州市,辽宁省
STN_锦州北,锦州市,辽宁省
STN_锦州南,锦州市,辽宁省
STN_锦河,黑河市,黑龙江省
STN_锦界,榆林市,陕西省
STN_镇城底,太原市,山西省
STN_镇安,西安市,陕西省
STN_镇平,南阳市,河南省
STN_镇江,镇江市,江苏省
STN_镇江关,阿坝藏族羌族自治州,四川省
STN_镇江南,镇江市,江苏省
STN_镇紫街,重庆市,重庆市
STN_镇西,白城市,吉林省
STN_镇赉,白城市,吉林省
STN_镇远,黔东南苗族侗族自治州,贵州省
STN_镇雄,昭通市,云南省
STN_镇龙,广州市,广东省
STN_镜湖所,绍兴市,浙江省
STN_镜铁山,张掖市,甘肃省
STN_长临河,合肥市,安徽省
STN_长乐,福州市,福建省
STN_长乐东,福州市,福建省
STN_长乐南,福州市,福建省
STN_长兴,湖州市,浙江省
STN_长兴南,湖州市,浙江省
STN_长冈,广州市,广东省
STN_长农,中卫市,宁夏回族自治区
STN_长冲,大理白族自治州,云南省
STN_长发屯,佳木斯市,黑龙江省
STN_长坡岭,曲靖市,云南省
STN_长垣,新乡市,河南省
STN_长城,白银市,甘肃省
STN_长基,泉州市,福建省
STN_长塘所,衡阳市,湖南省
STN_长子,长治市,山西省
STN_长宁,宜宾市,四川省
STN_长安,东莞市,广东省
STN_长安西,东莞市,广东省
STN_长安镇,嘉兴市,浙江省
STN_长安集,合肥市,安徽省
STN_长寿,重庆市,重庆市
STN_长寿北,重庆市,重庆市
STN_长寿湖,重庆市,重庆市
STN_长山堡,抚顺市,辽宁省
STN_长山屯,松原市,吉林省
STN_长岭子,大连市,辽宁省
STN_长庆,福州市,福建省
STN_长庆桥,庆阳市,甘肃省
STN_长征,白银市,甘肃省
STN_长春,长春市,吉林省
STN_长春东,长春市,吉林省
STN_长春南,长春市,吉林省
STN_长春西,长春市,吉林省
STN_长武,咸阳市,陕西省
STN_长汀,龙岩市,福建省
STN_长汀南,龙岩市,福建省
STN_长汀镇,牡丹江市,黑龙江省
STN_长江埠,孝感市,湖北省
STN_长沙,长沙市,湖南省
STN_长沙南,长沙市,湖南省
STN_长沙埂,资阳市,四川省
STN_长沙西,长沙市,湖南省
STN_长河坝,雅安市,四川省
STN_长河碥,重庆市,重庆市
STN_长治,长治市,山西省
STN_长治东,长治市,山西省
STN_长治北,长治市,山西省
STN_长治南,长治市,山西省
STN_长流,澄迈县,海南省
STN_长清,济南市,山东省
STN_长源村所,温州市,浙江省
STN_长潭沟,重庆市,重庆市
STN_长田湾所,贵阳市,贵州省
STN_长甸,丹东市,辽宁省
STN_长白山,延边朝鲜族自治州,吉林省
STN_长白山西,白山市,吉林省
STN_长箐,六盘水市,贵州省
STN_长葛,许昌市,河南省
STN_长葛北,许昌市,河南省
STN_长虹,丹东市,辽宁省
STN_长阳,宜昌市,湖北省
STN_长风街所,太原市,山西省
STN_门源,海北藏族自治州,青海省
STN_门达,通辽市,内蒙古自治区
STN_闵家冲所,宜昌市,湖北省
STN_闵集,孝感市,湖北省
STN_闹海营,承德市,河北省
STN_闻喜,运城市,山西省
STN_闻喜西,运城市,山西省
STN_闽清,福州市,福建省
STN_闽清北,福州市,福建省
STN_阆中,南充市,四川省
STN_阎家,佳木斯市,黑龙江省
STN_阎良,西安市,陕西省
STN_阜南,阜阳市,安徽省
STN_阜宁,盐城市,江苏省
STN_阜宁东,盐城市,江苏省
STN_阜宁南,盐城市,江苏省
STN_阜康,昌吉回族自治州,新疆维吾尔自治区
STN_阜新,阜新市,辽宁省
STN_阜新南,阜新市,辽宁省
STN_阜阳,阜阳市,安徽省
STN_阜阳北,阜阳市,安徽省
STN_阜阳西,阜阳市,安徽省
STN_防城港北,防城港市,广西壮族自治区
STN_阳东,阳江市,广东省
STN_阳信,滨州市,山东省
STN_阳台山所,深圳市,广东省
STN_阳圩,百色市,广西壮族自治区
STN_阳城,晋城市,山西省
STN_阳宗,玉溪市,云南省
STN_阳岔,通化市,吉林省
STN_阳平关,汉中市,陕西省
STN_阳新,黄石市,湖北省
STN_阳方口,忻州市,山西省
STN_阳明堡,忻州市,山西省
STN_阳春,阳江市,广东省
STN_阳春东,阳江市,广东省
STN_阳曲,太原市,山西省
STN_阳曲西,太原市,山西省
STN_阳朔,桂林市,广西壮族自治区
STN_阳江,阳江市,广东省
STN_阳江北,阳江市,广东省
STN_阳泉,阳泉市,山西省
STN_阳泉东,阳泉市,山西省
STN_阳泉北,阳泉市,山西省
STN_阳泉曲,吕梁市,山西省
STN_阳澄湖,苏州市,江苏省
STN_阳西,阳江市,广东省
STN_阳谷,聊城市,山东省
STN_阳邑,邯郸市,河北省
STN_阳高,大同市,山西省
STN_阳高南,大同市,山西省
STN_阴塔,忻州市,山西省
STN_阿乌尼,呼伦贝尔市,内蒙古自治区
STN_阿克塞,酒泉市,甘肃省
STN_阿克苏,阿克苏地区,新疆维吾尔自治区
STN_阿克陶,克孜勒苏柯尔克孜自治州,新疆维吾尔自治区
STN_阿勒泰,阿勒泰地区,新疆维吾尔自治区
STN_阿南庄,楚雄彝族自治州,云南省
STN_阿图什,克孜勒苏柯尔克孜自治州,新疆维吾尔自治区
STN_阿城,哈尔滨市,黑龙江省
STN_阿城北,哈尔滨市,黑龙江省
STN_阿寨,凉山彝族自治州,四川省
STN_阿尔乡,阜新市,辽宁省
STN_阿尔山,兴安盟,内蒙古自治区
STN_阿尔山北,兴安盟,内蒙古自治区
STN_阿巴嘎旗,锡林郭勒盟,内蒙古自治区
STN_阿拉尔,阿拉尔市,新疆维吾尔自治区
STN_阿拉山口,博尔塔拉蒙古自治州,新疆维吾尔自治区
STN_阿木尔,大兴安岭地区,黑龙江省
STN_阿瓦提,阿克苏地区,新疆维吾尔自治区
STN_阿贵图,乌兰察布市,内蒙古自治区
STN_阿达日嘎,阿拉善盟,内蒙古自治区
STN_阿达日格,乌兰察布市,内蒙古自治区
STN_阿里河,呼伦贝尔市,内蒙古自治区
STN_阿金,阜新市,辽宁省
STN_阿龙山,呼伦贝尔市,内蒙古自治区
STN_陆丰,汕尾市,广东省
STN_陆丰东,汕尾市,广东省
STN_陆丰南,汕尾市,广东省
STN_陆川,玉林市,广西壮族自治区
STN_陆渡所,苏州市,江苏省
STN_陆良,曲靖市,云南省
STN_陇南,陇南市,甘肃省
STN_陇南西,陇南市,甘肃省
STN_陇县,宝鸡市,陕西省
STN_陇西,定西市,甘肃省
STN_陈官营,兰州市,甘肃省
STN_陈家湖,襄阳市,湖北省
STN_陈家湾,成都市,四川省
STN_陈家湾西,临夏回族自治州,甘肃省
STN_陈庄,渭南市,陕西省
STN_陈村,佛山市,广东省
STN_陈桥所,南通市,江苏省
STN_陈江南,惠州市,广东省
STN_陈相屯,沈阳市,辽宁省
STN_陵县所,德州市,山东省
STN_陵城,德州市,山东省
STN_陵水,陵水黎族自治县,海南省
STN_陶卜齐,呼和浩特市,内蒙古自治区
STN_陶家场,重庆市,重庆市
STN_陶家屯,长春市,吉林省
STN_陶思浩,呼和浩特市,内蒙古自治区
STN_陶赖昭,松原市,吉林省
STN_隆中,襄阳市,湖北省
STN_隆化,承德市,河北省
STN_隆回,邵阳市,湖南省
STN_隆安,南宁市,广西壮族自治区
STN_隆安东,南宁市,广西壮族自治区
STN_隆昌,内江市,四川省
STN_隆昌北,内江市,四川省
STN_随县,随州市,湖北省
STN_随州,随州市,湖北省
STN_随州南,随州市,湖北省
STN_隔蒲,孝感市,湖北省
STN_隰县,临汾市,山西省
STN_雁栖湖,北京市,北京市
STN_雁石,龙岩市,福建省
STN_雁石南,龙岩市,福建省
STN_雁石坪,海西蒙古族藏族自治州,青海省
STN_雁翅,北京市,北京市
STN_雁荡山,温州市,浙江省
STN_雁门关,忻州市,山西省
STN_雄安,保定市,河北省
STN_雅安,雅安市,四川省
STN_雅河,丹东市,辽宁省
STN_雅鲁,呼伦贝尔市,内蒙古自治区
STN_集宁,乌兰察布市,内蒙古自治区
STN_集宁南,乌兰察布市,内蒙古自治区
STN_集安,通化市,吉林省
STN_集贤路所,合肥市,安徽省
STN_雨格,六盘水市,贵州省
STN_雪野,济南市,山东省
STN_零陵,永州市,湖南省
STN_雷州,湛江市,广东省
STN_雷锋路,抚顺市,辽宁省
STN_霍城,伊犁哈萨克自治州,新疆维吾尔自治区
STN_霍尔果斯,伊犁哈萨克自治州,新疆维吾尔自治区
STN_霍州,临汾市,山西省
STN_霍州东,临汾市,山西省
STN_霍林河,通辽市,内蒙古自治区
STN_霍林郭勒,通辽市,内蒙古自治区
STN_霍邱,六安市,安徽省
STN_霞浦,宁德市,福建省
STN_露水河,白山市,吉林省
STN_霸州,廊坊市,河北省
STN_霸州北,廊坊市,河北省
STN_霸州西,廊坊市,河北省
STN_青县,沧州市,河北省
STN_青城山,成都市,四川省
STN_青堆,大连市,辽宁省
STN_青堆子,锦州市,辽宁省
STN_青山,牡丹江市,黑龙江省
STN_青岛,青岛市,山东省
STN_青岛北,青岛市,山东省
STN_青岛机场,青岛市,山东省
STN_青岛西,青岛市,山东省
STN_青岭子,牡丹江市,黑龙江省
STN_青川,广元市,四川省
STN_青州,三明市,福建省
STN_青州市,潍坊市,山东省
STN_青州市北,潍坊市,山东省
STN_青杠,成都市,四川省
STN_青水山,齐齐哈尔市,黑龙江省
STN_青沟子,白山市,吉林省
STN_青海湖,海北藏族自治州,青海省
STN_青溪,黔东南苗族侗族自治州,贵州省
STN_青田,丽水市,浙江省
STN_青白江,成都市,四川省
STN_青白江东,成都市,四川省
STN_青神,眉山市,四川省
STN_青花,达州市,四川省
STN_青莲,绵阳市,四川省
STN_青铜峡,吴忠市,宁夏回族自治区
STN_青龙,鸡西市,黑龙江省
STN_青龙场,眉山市,四川省
STN_青龙山,淮北市,安徽省
STN_青龙桥,北京市,北京市
STN_青龙沟,海西蒙古族藏族自治州,青海省
STN_靖宇,白山市,吉林省
STN_靖州,怀化市,湖南省
STN_靖西,百色市,广西壮族自治区
STN_靖边,榆林市,陕西省
STN_靖远,白银市,甘肃省
STN_靖远北,白银市,甘肃省
STN_靖远西,白银市,甘肃省
STN_静海,天津市,天津市
STN_革居,曲靖市,云南省
STN_革新所,孝感市,湖北省
STN_鞍山,鞍山市,辽宁省
STN_鞍山西,鞍山市,辽宁省
STN_韦庄,渭南市,陕西省
STN_韩城,渭南市,陕西省
STN_韩堂,南阳市,河南省
STN_韩家岭,大同市,山西省
STN_韩家村,鄂尔多斯市,内蒙古自治区
STN_韩家楼,忻州市,山西省
STN_韩府湾,中卫市,宁夏回族自治区
STN_韩江桥所,潮州市,广东省
STN_韶关,韶关市,广东省
STN_韶关东,韶关市,广东省
STN_韶山,湘潭市,湖南省
STN_韶山南,湘潭市,湖南省
STN_项城,周口市,河南省
STN_顺义,北京市,北京市
STN_顺义西,北京市,北京市
STN_顺德,佛山市,广东省
STN_顺德北,佛山市,广东省
STN_顺德学院,佛山市,广东省
STN_顺昌,南平市,福建省
STN_顺河场,资阳市,四川省
STN_颍上,阜阳市,安徽省
STN_颍上北,阜阳市,安徽省
STN_颍泉,阜阳市,安徽省
STN_颜家垄,衡阳市,湖南省
STN_颜家河,宝鸡市,陕西省
STN_额敏,塔城地区,新疆维吾尔自治区
STN_额济纳,阿拉善盟,内蒙古自治区
STN_风水沟,赤峰市,内蒙古自治区
STN_风陵渡,运城市,山西省
STN_飞霞,清远市,广东省
STN_饮马峡,海西蒙古族藏族自治州,青海省
STN_饮马峡北,海西蒙古族藏族自治州,青海省
STN_饮马峡西,海西蒙古族藏族自治州,青海省
STN_饶平,潮州市,广东省
STN_饶阳,衡水市,河北省
STN_首山,辽阳市,辽宁省
STN_香兰,佳木斯市,黑龙江省
STN_香坊,哈尔滨市,黑龙江省
STN_香格里拉,迪庆藏族自治州,云南省
STN_香樟路,长沙市,湖南省
STN_香河,廊坊市,河北省
STN_香港红磡,深圳市,广东省
STN_香港西九龙,深圳市,广东省
STN_香港边界,深圳市,广东省
STN_马三家,沈阳市,辽宁省
STN_马兰,巴音郭楞蒙古自治州,新疆维吾尔自治区
STN_马嘎,六盘水市,贵州省
STN_马回岭,九江市,江西省
STN_马场,安顺市,贵州省
STN_马坑,龙岩市,福建省
STN_马头,邯郸市,河北省
STN_马山县,南宁市,广西壮族自治区
STN_马房,曲靖市,云南省
STN_马村,乐山市,四川省
STN_马林,赤峰市,内蒙古自治区
STN_马架子,赤峰市,内蒙古自治区
STN_马柳,唐山市,河北省
STN_马棚,襄阳市,湖北省
STN_马海,海西蒙古族藏族自治州,青海省
STN_马田墟,郴州市,湖南省
STN_马皇,钦州市,广西壮族自治区
STN_马盖图,乌兰察布市,内蒙古自治区
STN_马莲河,牡丹江市,黑龙江省
STN_马街,成都市,四川省
STN_马路圩,梧州市,广西壮族自治区
STN_马踏,茂名市,广东省
STN_马蹄湾,汉中市,陕西省
STN_马铺营,唐山市,河北省
STN_马鞍,南充市,四川省
STN_马鞍山,马鞍山市,安徽省
STN_马鞍山东,马鞍山市,安徽省
STN_马龙,曲靖市,云南省
STN_驻马店,驻马店市,河南省
STN_驻马店西,驻马店市,河南省
STN_骆驼巷,兰州市,甘肃省
STN_高兴,广安市,四川省
STN_高兴镇,赣州市,江西省
STN_高台,张掖市,甘肃省
STN_高台南,张掖市,甘肃省
STN_高台子,呼伦贝尔市,内蒙古自治区
STN_高台山,沈阳市,辽宁省
STN_高各庄,北京市,北京市
STN_高坪,恩施土家族苗族自治州,湖北省
STN_高坪铺,黔南布依族苗族自治州,贵州省
STN_高头,齐齐哈尔市,黑龙江省
STN_高安,宜春市,江西省
STN_高家,大庆市,黑龙江省
STN_高家村,巴彦淖尔市,内蒙古自治区
STN_高密,潍坊市,山东省
STN_高密北,潍坊市,山东省
STN_高尔山,抚顺市,辽宁省
STN_高山子,锦州市,辽宁省
STN_高岭,葫芦岛市,辽宁省
STN_高峰,安顺市,贵州省
STN_高川,绵阳市,四川省
STN_高州,茂名市,广东省
STN_高平,晋城市,山西省
STN_高平东,晋城市,山西省
STN_高新园所,南京市,江苏省
STN_高村,太原市,山西省
STN_高林屯,通辽市,内蒙古自治区
STN_高栏港,江门市,广东省
STN_高桥所,武汉市,湖北省
STN_高桥镇,葫芦岛市,辽宁省
STN_高楞,哈尔滨市,黑龙江省
STN_高滩,安康市,陕西省
STN_高潭子,汉中市,陕西省
STN_高炉子,遵义市,贵州省
STN_高碑店,保定市,河北省
STN_高碑店东,保定市,河北省
STN_高花,沈阳市,辽宁省
STN_高谷,重庆市,重庆市
STN_高辛庄所,北京市,北京市
STN_高邑,石家庄市,河北省
STN_高邑西,石家庄市,河北省
STN_高邮,扬州市,江苏省
STN_高邮北,扬州市,江苏省
STN_高阳镇,大连市,辽宁省
STN_高陵,西安市,陕西省
STN_魏善庄,北京市,北京市
STN_魏家楼,榆林市,陕西省
STN_魏家泉,乌鲁木齐市,新疆维吾尔自治区
STN_魏杖子,朝阳市,辽宁省
STN_鱼儿沟,乌鲁木齐市,新疆维吾尔自治区
STN_鱼卡,海西蒙古族藏族自治州,青海省
STN_鱼嘴,重庆市,重庆市
STN_鱼泉,重庆市,重庆市
STN_鱼洞,凉山彝族自治州,四川省
STN_鱼背山,重庆市,重庆市
STN_鲁山,平顶山市,河南省
STN_鲁河,齐齐哈尔市,黑龙江省
STN_鲁番,六盘水市,贵州省
STN_鲅鱼圈,营口市,辽宁省
STN_鲇鱼山,景德镇市,江西省
STN_鲘门,汕尾市,广东省
STN_鲜滩,眉山市,四川省
STN_鸟岛,海北藏族自治州,青海省
STN_鸡东,鸡西市,黑龙江省
STN_鸡冠山,丹东市,辽宁省
STN_鸡场坡,安顺市,贵州省
STN_鸡西,鸡西市,黑龙江省
STN_鸡西西,鸡西市,黑龙江省
STN_鸣李,太原市,山西省
STN_鸦雀岭,宜昌市,湖北省
STN_鸭园,通化市,吉林省
STN_鸭江,重庆市,重庆市
STN_鸳鸯镇,天水市,甘肃省
STN_鸽子洞,葫芦岛市,辽宁省
STN_鸿宝所,郑州市,河南省
STN_鹤北,鹤岗市,黑龙江省
STN_鹤壁,鹤壁市,河南省
STN_鹤壁东,鹤壁市,河南省
STN_鹤壁时丰,鹤壁市,河南省
STN_鹤山,黑河市,黑龙江省
STN_鹤岗,鹤岗市,黑龙江省
STN_鹤庆,大理白族自治州,云南省
STN_鹤洲南,珠海市,广东省
STN_鹤田所,金华市,浙江省
STN_鹤立,佳木斯市,黑龙江省
STN_鹧鸪江,柳州市,广西壮族自治区
STN_鹰手营子,承德市,河北省
STN_鹰潭,鹰潭市,江西省
STN_鹰潭北,鹰潭市,江西省
STN_鹿寨,柳州市,广西壮族自治区
STN_鹿寨北,柳州市,广西壮族自治区
STN_鹿道,牡丹江市,黑龙江省
STN_麓谷,长沙市,湖南省
STN_麦园,龙岩市,福建省
STN_麻地岭所,惠州市,广东省
STN_麻城,黄冈市,湖北省
STN_麻城北,黄冈市,湖北省
STN_麻尾,黔南布依族苗族自治州,贵州省
STN_麻山,鸡西市,黑龙江省
STN_麻斯塔拉所,赤峰市,内蒙古自治区
STN_麻旺,重庆市,重庆市
STN_麻柳,安康市,陕西省
STN_麻栗,凉山彝族自治州,四川省
STN_麻涌,东莞市,广东省
STN_麻阳,怀化市,湖南省
STN_麻阳西,怀化市,湖南省
STN_黄丝,黔南布依族苗族自治州,贵州省
STN_黄冈,黄冈市,湖北省
STN_黄冈东,黄冈市,湖北省
STN_黄冈西,黄冈市,湖北省
STN_黄口,宿州市,安徽省
STN_黄台,济南市,山东省
STN_黄土坡,北京市,北京市
STN_黄土岗,宜春市,江西省
STN_黄土店,北京市,北京市
STN_黄家坝,凉山彝族自治州,四川省
STN_黄家店,承德市,河北省
STN_黄山,黄山市,安徽省
STN_黄山北,黄山市,安徽省
STN_黄山西,黄山市,安徽省
STN_黄州,黄冈市,湖北省
STN_黄平,黔东南苗族侗族自治州,贵州省
STN_黄村,北京市,北京市
STN_黄松甸,吉林市,吉林省
STN_黄柏,通化市,吉林省
STN_黄桶,安顺市,贵州省
STN_黄桶北,安顺市,贵州省
STN_黄桷所,重庆市,重庆市
STN_黄梅,安庆市,安徽省
STN_黄梅东,黄冈市,湖北省
STN_黄梅南,黄冈市,湖北省
STN_黄楼所,淮安市,江苏省
STN_黄水,重庆市,重庆市
STN_黄水塘,凉山彝族自治州,四川省
STN_黄河景区,郑州市,河南省
STN_黄河涯,德州市,山东省
STN_黄泥崴子,白山市,吉林省
STN_黄泥河,延边朝鲜族自治州,吉林省
STN_黄流,乐东黎族自治县,海南省
STN_黄渡,上海市,上海市
STN_黄渡所,上海市,上海市
STN_黄瓜园,楚雄彝族自治州,云南省
STN_黄甲屯,葫芦岛市,辽宁省
STN_黄石,黄石市,湖北省
STN_黄石东,黄石市,湖北省
STN_黄石北,黄石市,湖北省
STN_黄磏,重庆市,重庆市
STN_黄粱梦,邯郸市,河北省
STN_黄羊城,榆林市,陕西省
STN_黄羊湾,中卫市,宁夏回族自治区
STN_黄羊滩,银川市,宁夏回族自治区
STN_黄羊镇,武威市,甘肃省
STN_黄联关,凉山彝族自治州,四川省
STN_黄胜关,阿坝藏族羌族自治州,四川省
STN_黄花筒,通辽市,内蒙古自治区
STN_黄金园所,长沙市,湖南省
STN_黄金坳,怀化市,湖南省
STN_黄陵,铜川市,陕西省
STN_黄陵东,延安市,陕西省
STN_黄陵南,延安市,陕西省
STN_黄龙九寨,阿坝藏族羌族自治州,四川省
STN_黎城,长治市,山西省
STN_黎塘,南宁市,广西壮族自治区
STN_黑井,楚雄彝族自治州,云南省
STN_黑冲滩,武威市,甘肃省
STN_黑台,鸡西市,黑龙江省
STN_黑土凹,昆明市,云南省
STN_黑山北,锦州市,辽宁省
STN_黑山头,通化市,吉林省
STN_黑山寺,北京市,北京市
STN_黑旺,淄博市,山东省
STN_黑松驿,武威市,甘肃省
STN_黑水,白城市,吉林省
STN_黑沙土,阿拉善盟,内蒙古自治区
STN_黑河,黑河市,黑龙江省
STN_黔城,怀化市,湖南省
STN_黔江,重庆市,重庆市
STN_黔西,毕节市,贵州省
STN_黟县东,黄山市,安徽省
STN_鼎湖东,肇庆市,广东省
STN_鼎湖山,肇庆市,广东省
STN_齐哈日格图,锡林郭勒盟,内蒙古自治区
STN_齐岳山,恩施土家族苗族自治州,湖北省
STN_齐河,德州市,山东省
STN_齐齐哈尔,齐齐哈尔市,黑龙江省
STN_齐齐哈尔南,齐齐哈尔市,黑龙江省
STN_龙丰,惠州市,广东省
STN_龙井,延边朝鲜族自治州,吉林省
STN_龙伯屯,崇左市,广西壮族自治区
STN_龙兴,重庆市,重庆市
STN_龙华,衡水市,河北省
STN_龙南,赣州市,江西省
STN_龙南东,赣州市,江西省
STN_龙口,赣州市,江西省
STN_龙口市,烟台市,山东省
STN_龙嘉,长春市,吉林省
STN_龙坑,遵义市,贵州省
STN_龙塘坝,楚雄彝族自治州,云南省
STN_龙塘镇,清远市,广东省
STN_龙头,大连市,辽宁省
STN_龙家堡,长春市,吉林省
STN_龙家营,秦皇岛市,河北省
STN_龙家营所,秦皇岛市,河北省
STN_龙山,通化市,吉林省
STN_龙山北,湘西土家族苗族自治州,湖南省
STN_龙山所,安庆市,安徽省
STN_龙山镇,漳州市,福建省
STN_龙岩,龙岩市,福建省
STN_龙川,河源市,广东省
STN_龙川西,河源市,广东省
STN_龙州,崇左市,广西壮族自治区
STN_龙市,吉安市,江西省
STN_龙广,黔西南布依族苗族自治州,贵州省
STN_龙形村所,怀化市,湖南省
STN_龙桂,南充市,四川省
STN_龙桥,合肥市,安徽省
STN_龙江,齐齐哈尔市,黑龙江省
STN_龙池,重庆市,重庆市
STN_龙沟,武威市,甘肃省
STN_龙泉,长春市,吉林省
STN_龙泉寺,兰州市,甘肃省
STN_龙泉市,丽水市,浙江省
STN_龙洞,广州市,广东省
STN_龙洞堡,贵阳市,贵州省
STN_龙游,衢州市,浙江省
STN_龙游北,衢州市,浙江省
STN_龙游南,衢州市,浙江省
STN_龙湖,潮州市,广东省
STN_龙潭寺,成都市,四川省
STN_龙爪沟,丹东市,辽宁省
STN_龙船,绥化市,黑龙江省
STN_龙里,黔南布依族苗族自治州,贵州省
STN_龙里北,黔南布依族苗族自治州,贵州省
STN_龙镇,黑河市,黑龙江省
STN_龙门河,黑河市,黑龙江省
STN_龙骨甸,楚雄彝族自治州,云南省
